xieguy5_h8ozodvnej7hucxxcu0	5027	1
x	4	6	8	15	17	19	23	32	43	50	63	73	80	83	88	90	92	93	95	96	105	110	114	117	122	123	125	126	127	133	134	136	138	140	147	148	150	154	156	158	162	163	164	165	166	170	171	172	176	177	179	184	185	189	193	196	203	214	216	222	223	225	230	236	239	240	243	244	246	251	254	259	260	262	263	264	265	268	269	272	277	278	279	281	282	283	287	290	291	292	298	299	301	304	308	309	310	314	321	334	341	345	347	349	350	352	354	356	361	363	367	369	370	372	374	385	389	390	395	403	404	406	408	410	411	416	420	429	431	439	442	444	445	452	453	458	462	469	474	476	482	483	484	488	489	493	497	499	502	503	504	508	509	511	516	519	523	524	525	526	531	534	540	544	546	559	560	561	563	568	569	575	577	578	585	587	588	589	594	596	597	602	603	605	606	608	609	611	615	619	621	623	632	636	638	647	650	657	660	662	663	664	665	671	673	679	688	691	692	695	696	701	702	706	711	714	716	717	718	719	720	723	728	737	740	742	743	744	746	747	749	750	751	754	755	768	772	773	776	777	779	782	788	789	790	791	792	796	797	802	803	804	808	809	811	812	815	818	820	827	829	832	836	838	840	842	845	847	848	849	852	856	862	863	866	868	872	873	876	881	882	884	886	887	891	892	894	895	897	900	901	902	905	914	916	917	920	922	928	934	936	937	940	945	946	948	961	962	965	967	968	972	976	978	979	980	981	983	987	988	994	996	997	1002	1005	1013	1018	1021	1029	1041	1049	1057	1058	1061	1064	1065	1070	1075	1076	1079	1082	1083	1086	1087	1097	1098	1099	1101	1106	1107	1108	1111	1112	1113	1116	1117	1119	1121	1122	1123	1124	1126	1131	1133	1134	1135	1137	1145	1150	1151	1153	1159	1160	1170	1172	1174	1179	1181	1182	1184	1185	1188	1191	1192	1195	1196	1200	1206	1208	1209	1211	1212	1213	1214	1215	1216	1220	1221	1228	1232	1233	1235	1236	1243	1248	1249	1251	1254	1255	1257	1261	1264	1267	1277	1278	1285	1290	1294	1299	1304	1306	1312	1319	1320	1328	1329	1335	1339	1340	1344	1345	1346	1347	1352	1355	1360	1366	1370	1372	1377	1379	1381	1383	1392	1394	1397	1398	1399	1402	1404	1409	1414	1419	1421	1425	1432	1443	1447	1449	1463	1467	1471	1472	1473	1476	1486	1488	1494	1504	1510	1513	1522	1524	1528	1533	1534	1535	1539	1546	1548	1550	1552	1560	1561	1562	1564	1567	1570	1576	1578	1579	1582	1584	1585	1588	1589	1599	1600	1601	1604	1618	1622	1625	1627	1634	1635	1639	1642	1644	1645	1650	1655	1660	1664	1674	1677	1680	1684	1686	1687	1693	1696	1700	1704	1710	1715	1718	1722	1724	1726	1728	1731	1739	1744	1746	1749	1751	1753	1754	1763	1769	1770	1771	1774	1778	1779	1781	1787	1793	1798	1804	1807	1810	1811	1812	1817	1820	1821	1829	1830	1831	1833	1834	1835	1836	1837	1844	1847	1852	1855	1856	1860	1863	1865	1866	1871	1874	1877	1880	1885	1891	1892	1893	1895	1897	1900	1901	1902	1905	1910	1914	1917	1918	1922	1925	1930	1932	1933	1937	1938	1944	1947	1953	1954	1961	1962	1964	1968	1970	1971	1974	1976	1978	1985	1986	1988	1989	1990	1992	1993	1996	1998	1999	2000	2006	2009	2010	2020	2021	2024	2026	2029	2030	2034	2036	2037	2044	2045	2047	2052	2055	2060	2061	2063	2065	2067	2069	2076	2082	2083	2089	2091	2097	2100	2103	2111	2112	2118	2134	2137	2138	2143	2144	2145	2148	2149	2151	2152	2156	2158	2160	2165	2169	2177	2186	2190	2191	2193	2197	2199	2205	2210	2211	2214	2216	2219	2222	2227	2234	2235	2241	2243	2245	2246	2249	2252	2255	2257	2258	2268	2269	2271	2275	2276	2277	2282	2285	2296	2299	2300	2302	2308	2313	2314	2316	2317	2319	2327	2328	2330	2334	2336	2337	2340	2341	2347	2349	2353	2362	2363	2366	2368	2370	2375	2378	2384	2390	2392	2394	2396	2398	2399	2402	2410	2412	2414	2415	2424	2433	2435	2436	2437	2438	2439	2441	2442	2443	2445	2450	2452	2454	2458	2463	2473	2477	2482	2483	2485	2487	2488	2491	2492	2495	2497	2498	2502	2506	2514	2518	2522	2527	2528	2529	2531	2533	2535	2536	2537	2539	2541	2548	2555	2557	2558	2560	2562	2563	2568	2569	2572	2573	2577	2592	2601	2603	2604	2606	2607	2609	2610	2611	2612	2613	2616	2620	2622	2624	2635	2637	2640	2647	2653	2654	2659	2660	2664	2666	2669	2671	2675	2685	2686	2687	2691	2696	2697	2698	2701	2703	2704	2705	2709	2712	2717	2722	2723	2725	2728	2732	2742	2744	2745	2747	2749	2751	2754	2758	2762	2763	2765	2766	2769	2775	2779	2781	2782	2784	2785	2790	2796	2800	2801	2807	2810	2818	2820	2823	2826	2831	2836	2838	2840	2842	2843	2845	2849	2850	2857	2858	2861	2862	2872	2873	2874	2876	2881	2882	2883	2884	2887	2890	2891	2892	2893	2896	2897	2902	2913	2914	2916	2921	2925	2927	2929	2930	2935	2936	2937	2943	2948	2956	2958	2959	2960	2977	2978	2986	2987	2994	2995	3002	3003	3004	3006	3009	3011	3016	3025	3027	3028	3029	3032	3033	3035	3042	3046	3048	3049	3051	3053	3054	3059	3060	3062	3064	3065	3078	3079	3083	3085	3087	3088	3093	3094	3096	3097	3105	3108	3111	3113	3114	3120	3121	3125	3126	3129	3130	3132	3135	3137	3141	3148	3150	3151	3152	3155	3157	3163	3164	3165	3170	3171	3173	3176	3177	3178	3180	3187	3189	3190	3192	3193	3194	3201	3203	3206	3207	3208	3210	3212	3217	3219	3220	3222	3223	3225	3230	3240	3246	3247	3249	3251	3255	3260	3261	3263	3264	3272	3276	3282	3293	3295	3296	3298	3300	3301	3302	3306	3308	3310	3313	3315	3317	3319	3321	3322	3324	3330	3332	3334	3337	3339	3343	3346	3348	3349	3351	3352	3357	3360	3362	3366	3367	3371	3374	3376	3384	3385	3391	3392	3393	3394	3395	3396	3401	3402	3404	3406	3407	3410	3412	3422	3425	3429	3433	3435	3439	3441	3444	3446	3451	3454	3455	3459	3461	3466	3473	3475	3476	3478	3483	3486	3487	3490	3495	3497	3501	3504	3509	3510	3512	3513	3515	3516	3525	3529	3531	3532	3533	3542	3543	3544	3546	3547	3549	3552	3565	3566	3571	3572	3575	3578	3580	3582	3587	3588	3591	3595	3612	3613	3614	3618	3619	3628	3631	3633	3634	3635	3644	3647	3651	3655	3656	3663	3667	3668	3669	3670	3671	3678	3683	3688	3690	3692	3694	3699	3702	3704	3705	3708	3710	3716	3719	3720	3721	3727	3729	3731	3736	3738	3739	3740	3752	3755	3760	3768	3770	3771	3772	3773	3774	3778	3779	3781	3782	3786	3789	3791	3792	3793	3794	3801	3805	3806	3814	3817	3819	3822	3824	3825	3826	3828	3831	3836	3837	3839	3840	3842	3846	3850	3853	3854	3855	3858	3859	3860	3861	3862	3865	3869	3873	3876	3880	3881	3887	3892	3893	3894	3895	3897	3898	3899	3902	3903	3907	3908	3913	3914	3916	3928	3929	3933	3936	3945	3946	3951	3954	3960	3965	3967	3968	3969	3971	3973	3974	3975	3976	3982	3986	3987	3988	3991	3998	4000	4001	4005	4009	4010	4016	4022	4023	4026	4032	4036	4038	4042	4043	4044	4053	4054	4060	4061	4062	4067	4068	4072	4073	4074	4075	4082	4083	4088	4093	4094	4097	4098	4102	4103	4108	4110	4111	4116	4118	4119	4122	4124	4125	4128	4135	4136	4137	4138	4140	4142	4153	4160	4161	4162	4164	4175	4176	4180	4182	4184	4187	4190	4193	4195	4204	4206	4209	4214	4216	4220	4221	4223	4225	4227	4228	4229	4231	4237	4239	4241	4242	4243	4246	4251	4253	4257	4258	4263	4264	4266	4269	4270	4274	4279	4281	4282	4283	4287	4292	4300	4301	4302	4306	4308	4309	4310	4311	4319	4320	4321	4322	4323	4330	4345	4355	4356	4357	4360	4365	4366	4368	4373	4374	4375	4378	4380	4381	4389	4391	4392	4393	4396	4404	4406	4411	4412	4413	4416	4417	4418	4422	4423	4427	4429	4431	4432	4433	4437	4439	4440	4441	4443	4449	4455	4456	4462	4481	4482	4483	4484	4485	4488	4498	4500	4503	4504	4505	4507	4508	4511	4513	4514	4519	4520	4522	4532	4535	4538	4540	4542	4545	4546	4548	4549	4551	4553	4554	4556	4561	4562	4564	4570	4572	4574	4578	4581	4586	4590	4591	4592	4594	4595	4596	4599	4605	4606	4607	4609	4612	4615	4616	4617	4619	4620	4621	4623	4626	4635	4638	4640	4643	4648	4654	4659	4670	4671	4673	4675	4678	4680	4683	4686	4688	4690	4694	4695	4697	4698	4699	4700	4702	4703	4705	4706	4709	4712	4717	4719	4721	4723	4724	4728	4730	4738	4747	4750	4753	4757	4759	4762	4763	4765	4769	4774	4777	4783	4787	4790	4795	4804	4805	4810	4811	4818	4819	4821	4825	4826	4832	4835	4836	4837	4840	4843	4845	4849	4850	4853	4854	4861	4863	4864	4866	4867	4872	4873	4875	4876	4885	4890	4891	4893	4894	4896	4900	4901	4902	4906	4911	4912	4915	4916	4919	4921	4924	4928	4929	4930	4936	4937	4950	4951	4953	4957	4961	4962	4965	4967	4968	4972	4975	4982	4987	4988	4989	4992	4995	4999	5000	5007	5008	5009	5010	5014	5018	5020	5023	5027	5029	5030	5034	5042	5046	5047	5048	5057	5058	5062	5067	5073	5074	5078	5079	5081	5084	5089	5091	5094	5098	5105	5107	5108	5112	5113	5114	5115	5117	5125	5126	5128	5135	5136	5142	5150	5151	5158	5161	5165	5168	5170	5171	5174	5175	5178	5180	5184	5186	5187	5188	5191	5192	5197	5198	5199	5207	5208	5209	5210	5212	5213	5214	5217	5222	5228	5234	5235	5236	5239	5242	5245	5253	5257	5258	5263	5273	5275	5277	5279	5281	5284	5285	5291	5292	5294	5297	5298	5304	5305	5306	5308	5309	5312	5325	5327	5330	5338	5342	5345	5350	5351	5352	5355	5359	5363	5368	5369	5371	5374	5375	5378	5383	5384	5385	5389	5390	5392	5393	5394	5397	5398	5404	5405	5406	5410	5411	5412	5414	5417	5427	5435	5437	5440	5445	5446	5449	5450	5453	5461	5465	5466	5467	5472	5475	5478	5479	5480	5483	5484	5488	5494	5495	5497	5502	5503	5504	5513	5516	5520	5526	5528	5529	5532	5533	5539	5542	5545	5549	5551	5554	5557	5561	5563	5566	5572	5573	5575	5578	5580	5590	5592	5593	5596	5597	5598	5599	5600	5604	5606	5610	5612	5616	5618	5619	5625	5627	5631	5632	5635	5640	5641	5642	5645	5646	5648	5649	5651	5652	5659	5662	5671	5673	5675	5678	5680	5681	5682	5683	5685	5687	5688	5692	5693	5696	5698	5700	5701	5702	5705	5706	5707	5708	5709	5717	5718	5719	5729	5736	5739	5744	5748	5753	5755	5757	5760	5762	5763	5769	5772	5774	5775	5777	5779	5783	5785	5788	5789	5791	5793	5800	5801	5802	5803	5804	5810	5813	5815	5819	5820	5821	5827	5829	5830	5831	5839	5842	5846	5847	5853	5861	5863	5864	5868	5872	5880	5881	5883	5887	5889	5890	5893	5894	5896	5897	5902	5907	5911	5912	5913	5914	5919	5923	5929	5931	5935	5936	5939	5940	5945	5947	5948	5949	5952	5953	5956	5958	5959	5963	5964	5974	5976	5977	5980	5981	5984	5989	5990	5993	5995	5996	5999	6010	6011	6012	6017	6018	6022	6023	6024	6027	6034	6039	6043	6046	6048	6049	6050	6051	6054	6056	6057	6058	6059	6062	6063	6064	6071	6074	6075	6078	6080	6082	6083	6087	6088	6090	6096	6098	6105	6108	6109	6111	6115	6118	6121	6123	6124	6126	6133	6135	6137	6138	6149	6159	6160	6162	6166	6167	6168	6171	6172	6173	6174	6175	6183	6186	6190	6196	6202	6209	6212	6213	6214	6216	6218	6220	6222	6226	6231	6232	6236	6237	6238	6243	6248	6249	6253	6258	6261	6262	6263	6270	6272	6279	6281	6287	6288	6290	6292	6293	6294	6295	6297	6298	6302	6303	6309	6312	6315	6316	6319	6320	6326	6333	6338	6339	6343	6344	6346	6349	6350	6353	6356	6363	6367	6370	6371	6377	6384	6385	6388	6389	6390	6391	6392	6393	6401	6402	6403	6407	6408	6409	6410	6413	6416	6417	6418	6419	6421	6423	6427	6429	6435	6444	6445	6446	6447	6449	6450	6451	6453	6454	6461	6462	6471	6475	6486	6487	6490	6491	6494	6497	6498	6500	6504	6506	6509	6513	6517	6520	6523	6524	6527	6529	6532	6533	6537	6539	6540	6545	6546	6548	6551	6552	6555	6557	6570	6573	6574	6575	6576	6578	6584	6585	6588	6592	6593	6594	6597	6599	6600	6617	6619	6620	6621	6625	6627	6628	6629	6631	6632	6633	6636	6639	6640	6642	6645	6649	6651	6653	6654	6656	6665	6668	6679	6687	6688	6691	6692	6696	6701	6704	6707	6712	6713	6718	6719	6722	6724	6726	6729	6730	6734	6736	6745	6747	6748	6756	6757	6759	6760	6761	6764	6768	6770	6773	6775	6776	6778	6780	6785	6787	6788	6799	6803	6806	6808	6816	6817	6818	6823	6824	6825	6830	6832	6833	6837	6840	6841	6842	6845	6846	6851	6856	6857	6869	6870	6873	6874	6877	6879	6880	6883	6886	6887	6888	6891	6892	6893	6894	6900	6909	6911	6913	6914	6916	6917	6922	6923	6924	6926	6929	6931	6934	6937	6941	6942	6943	6946	6948	6951	6955	6957	6960	6962	6964	6966	6967	6970	6971	6973	6980	6985	6989	6990	6999	7001	7002	7003	7011	7017	7018	7020	7021	7024	7025	7029	7032	7041	7043	7044	7046	7054	7055	7064	7065	7066	7069	7075	7083	7084	7086	7087	7088	7090	7092	7094	7097	7110	7111	7112	7113	7117	7119	7120	7122	7126	7143	7144	7145	7146	7153	7156	7157	7161	7164	7165	7166	7174	7178	7182	7186	7187	7189	7190	7197	7198	7202	7203	7205	7209	7211	7215	7220	7221	7222	7226	7232	7233	7234	7242	7245	7246	7247	7248	7249	7250	7252	7253	7254	7256	7257	7262	7263	7265	7270	7272	7274	7278	7285	7286	7289	7291	7299	7301	7316	7317	7330	7343	7350	7356	7361	7364	7366	7367	7371	7374	7379	7381	7388	7395	7396	7401	7408	7419	7421	7423	7424	7425	7427	7428	7431	7432	7435	7436	7439	7440	7441	7445	7457	7465	7468	7469	7473	7476	7477	7479	7481	7487	7488	7489	7490	7492	7494	7496	7502	7505	7506	7507	7508	7509	7520	7523	7525	7526	7528	7531	7537	7539	7540	7544	7545	7548	7553	7554	7557	7559	7561	7562	7565	7567	7569	7572	7574	7575	7577	7579	7580	7582	7584	7585	7588	7590	7595	7597	7608	7609	7610	7614	7618	7620	7623	7627	7629	7634	7635	7637	7645	7648	7651	7658	7664	7665	7666	7669	7671	7672	7673	7675	7680	7681	7683	7684	7685	7687	7688	7690	7693	7694	7695	7699	7700	7704	7707	7713	7717	7721	7722	7727	7728	7729	7736	7737	7741	7742	7747	7751	7755	7758	7760	7761	7762	7763	7765	7772	7773	7774	7778	7782	7792	7794	7795	7796	7798	7799	7803	7804	7805	7806	7808	7810	7814	7815	7819	7836	7837	7841	7843	7845	7847	7855	7857	7858	7860	7861	7863	7867	7871	7874	7875	7878	7880	7882	7883	7884	7886	7887	7891	7892	7895	7896	7897	7900	7901	7908	7910	7921	7923	7924	7927	7929	7938	7940	7941	7942	7946	7948	7949	7957	7960	7967	7969	7972	7976	7977	7978	7984	7992	7995	7998	7999	8002	8004	8005	8009	8011	8014	8020	8022	8025	8029	8030	8042	8043	8045	8047	8048	8051	8056	8057	8059	8060	8062	8064	8068	8069	8070	8075	8079	8080	8083	8092	8093	8094	8096	8102	8103	8104	8106	8107	8112	8117	8119	8123	8128	8131	8132	8137	8140	8141	8142	8144	8145	8150	8152	8158	8159	8162	8168	8170	8172	8173	8176	8178	8180	8183	8185	8186	8189	8190	8191	8193	8195	8198	8207	8209	8210	8211	8214	8215	8217	8218	8224	8226	8231	8234	8235	8236	8239	8242	8248	8249	8250	8251	8252	8256	8257	8265	8267	8271	8272	8273	8274	8279	8291	8309	8310	8311	8315	8316	8317	8328	8330	8331	8332	8339	8342	8345	8346	8348	8350	8353	8357	8358	8362	8366	8367	8368	8372	8373	8374	8378	8382	8384	8387	8390	8391	8392	8393	8396	8401	8404	8405	8415	8419	8424	8425	8427	8431	8432	8436	8441	8442	8444	8448	8451	8456	8458	8459	8463	8466	8467	8473	8479	8481	8485	8487	8490	8492	8493	8495	8497	8498	8501	8503	8505	8507	8508	8516	8530	8536	8537	8538	8541	8544	8545	8556	8560	8561	8562	8569	8577	8579	8583	8591	8593	8594	8600	8601	8602	8607	8613	8625	8631	8636	8645	8647	8655	8656	8659	8660	8662	8665	8668	8669	8671	8677	8678	8680	8684	8685	8691	8695	8697	8699	8706	8708	8715	8717	8718	8721	8722	8725	8727	8734	8735	8741	8745	8750	8752	8757	8759	8761	8762	8767	8768	8781	8782	8783	8785	8795	8797	8798	8800	8801	8802	8803	8806	8807	8808	8811	8815	8818	8820	8821	8822	8823	8825	8828	8829	8832	8833	8834	8841	8842	8843	8849	8852	8853	8855	8860	8863	8866	8867	8868	8870	8872	8874	8876	8877	8878	8879	8880	8888	8890	8894	8901	8903	8907	8910	8914	8916	8917	8918	8921	8922	8926	8936	8937	8944	8945	8946	8947	8948	8951	8954	8955	8956	8957	8961	8963	8967	8980	8984	8985	8987	8995	8997	9000	9006	9007	9012	9014	9019	9022	9024	9033	9034	9039	9045	9047	9058	9060	9061	9063	9064	9065	9071	9081	9085	9091	9093	9095	9096	9097	9098	9102	9103	9109	9110	9118	9127	9130	9131	9132	9134	9136	9139	9142	9143	9144	9149	9150	9154	9164	9166	9170	9171	9179	9186	9190	9195	9201	9203	9205	9208	9212	9219	9222	9223	9227	9230	9231	9232	9239	9245	9247	9248	9250	9251	9253	9254	9255	9263	9264	9269	9274	9280	9286	9291	9294	9295	9297	9305	9308	9309	9311	9312	9316	9319	9320	9321	9330	9334	9342	9343	9349	9352	9354	9355	9361	9363	9364	9366	9373	9375	9381	9385	9391	9392	9397	9405	9408	9409	9414	9420	9424	9425	9427	9428	9429	9442	9444	9449	9452	9459	9468	9469	9471	9474	9475	9476	9479	9486	9487	9489	9492	9494	9496	9497	9498	9504	9509	9510	9512	9516	9517	9520	9521	9522	9523	9531	9533	9538	9540	9542	9543	9545	9547	9554	9555	9557	9560	9563	9565	9570	9571	9572	9573	9574	9577	9584	9588	9594	9598	9599	9600	9601	9603	9606	9607	9609	9611	9614	9615	9621	9629	9635	9644	9646	9648	9658	9661	9662	9663	9665	9666	9667	9668	9669	9672	9673	9680	9690	9695	9698	9703	9707	9710	9714	9718	9719	9723	9727	9729	9730	9732	9735	9739	9740	9741	9744	9746	9752	9753	9755	9756	9758	9761	9763	9766	9767	9768	9778	9784	9786	9790	9791	9792	9794	9796	9799	9801	9809	9810	9816	9817	9822	9831	9840	9841	9845	9848	9849	9852	9853	9859	9860	9863	9864	9865	9866	9869	9876	9878	9879	9882	9886	9891	9895	9898	9899	9904	9905	9908	9909	9910	9913	9914	9915	9916	9919	9925	9926	9927	9928	9932	9934	9940	9943	9944	9951	9956	9959	9961	9963	9964	9966	9967	9969	9980	9985	9991	9993	9997	9998	10017	10018	10023	10027	10028	10029	10034	10038	10042	10047	10048	10049	10053	10054	10055	10057	10059	10060	10061	10066	10068	10071	10076	10077	10080	10081	10084	10088	10093	10096	10099	10100	10104	10107	10108	10109	10110	10114	10120	10121	10129	10131	10134	10136	10139	10144	10150	10151	10155	10156	10159	10160	10163	10167	10169	10172	10176	10179	10180	10182	10183	10184	10185	10187	10192	10197	10203	10207	10210	10214	10218	10222	10226	15417
xelvaaaamaaj&q	9308	1
xaliproden	3881	1
ximsuqibnvo	5808	1
xvdgxadzvqy&featur	8536	1
xonar-d2.html	3033	2
xlvii&oldid	7248	1
xrn_33_0_cs100860087	24	1
xaltelolco	1018	1
xsara	7967	1
xbec2prmzzkc	2867	7978	8047	9
xhyoaaaaibaj&sjid	9661	3
xaa.php	2151	5956	6123	6923	8593	5
xenocr	1597	3513	4717	6496	7111	7765	9349	9730	12
xenoni	928	1
xenono	928	1
xml&coll	433	446	864	1449	1910	2969	2981	3640	4050	4973	5801	6500	6767	9389	71
xenopu	928	3902	7364	8954	7
xh4hghho1qoc	6955	1
xsaak	9665	1
xvghqont27ic	3234	1
x_1x_2	9799	1
xuodaaaaibaj&pg	1127	3
xylaria	6760	1
xfactor.novatv.bg	2257	1
x-20110317,0,3320526,print	5554	2
x_d4f2mtkj1y0j	8210	1
xml&ssheet	1169	1284	1686	3003	3246	3302	4057	6787	7084	7251	7633	8009	8011	8033	8250	8471	8807	8980	9859	34
xvolsona	1779	1
xkefaaaaibaj&pg	2051	8930	6
xxxiii.154	7765	1
xiaoman	2950	1
xmnl1h24z5oj	2143	3
xm&ah	8177	3
xml.pdf	6873	7561	2
xjenza	788	1061	6388	9998	4
xjenzi	2915	7464	2
x_1y_1	2255	1
xamayka	4712	9533	2
xpectat	7312	4
x_shir284.jpg	2580	1
xerosi	7978	1
xj	17	747	868	934	936	1817	1874	1976	1986	3163	3223	4513	5128	6168	6316	6393	6748	6759	6870	7388	7543	7896	8185	8878	9489	9915	30
xk	17	262	349	747	934	936	1083	1753	1874	1976	3163	3538	4450	4513	5128	5802	6168	6316	6393	6748	6870	7029	7145	7157	7388	7469	7896	8185	8878	9915	34
xh	17	105	114	156	264	370	469	493	502	575	605	660	695	728	747	811	934	936	988	1058	1191	1360	1467	1510	1533	1650	1726	1820	1874	1893	1976	2009	2047	2177	2197	2316	2319	2368	2390	2433	2477	2763	2861	2876	2956	3125	3137	3163	3225	3251	3572	4180	4322	4357	4513	4538	4594	4678	4921	5128	5228	5273	5385	5479	5529	5769	5868	5872	5929	6160	6168	6316	6320	6446	6454	6632	6633	6654	6747	6748	6778	6808	6870	7018	7092	7242	7388	7401	7421	7468	7488	7627	7704	7741	7806	7871	7896	7924	7957	8030	8119	8185	8274	8390	8507	8815	8833	8834	8874	8878	9098	9132	9264	9409	9487	9560	9865	9915	10076	129
xi	17	68	93	127	230	246	260	262	270	283	290	325	361	511	519	524	531	589	711	747	764	767	782	792	794	837	841	867	873	886	934	936	998	1065	1082	1133	1195	1196	1220	1252	1318	1386	1449	1494	1524	1567	1570	1576	1653	1723	1753	1770	1771	1851	1873	1874	1891	1895	1926	1930	1953	1976	1986	1999	2011	2044	2143	2147	2151	2180	2255	2276	2281	2296	2336	2528	2533	2563	2598	2771	2781	2785	2796	2797	2814	2818	2922	2989	3039	3104	3155	3163	3168	3206	3208	3295	3310	3320	3395	3402	3447	3454	3494	3502	3534	3563	3580	3652	3674	3688	3694	3720	3779	3915	3947	3982	3986	3990	4094	4117	4129	4135	4154	4176	4228	4234	4287	4299	4437	4488	4513	4551	4629	4659	4693	4818	4909	4915	4957	4972	4977	4982	5128	5142	5150	5155	5171	5175	5207	5235	5260	5282	5291	5343	5351	5363	5384	5417	5494	5513	5561	5597	5599	5662	5667	5696	5753	5775	5800	5861	5887	5899	5911	5919	5927	5929	5952	5956	5984	5999	6038	6075	6088	6105	6116	6123	6137	6149	6168	6231	6316	6404	6496	6506	6548	6558	6578	6687	6729	6745	6748	6772	6773	6795	6846	6870	6903	6909	6911	6912	6920	6923	6964	6973	6985	7017	7055	7066	7079	7176	7179	7180	7196	7211	7226	7246	7248	7330	7388	7427	7478	7507	7526	7632	7634	7637	7698	7765	7861	7884	7896	7910	7973	7978	8004	8009	8056	8064	8092	8093	8140	8183	8185	8213	8221	8304	8419	8440	8444	8478	8593	8607	8660	8672	8692	8699	8714	8762	8808	8835	8878	8953	8955	8967	9045	9112	9132	9143	9239	9251	9266	9282	9335	9356	9399	9427	9429	9447	9489	9496	9538	9542	9543	9553	9565	9577	9598	9609	9730	9756	9763	9799	9876	9915	9961	9975	10017	10043	10047	10067	10100	10136	10148	10173	10197	10207	10218	631
xn	17	96	474	747	886	934	936	1660	1874	1976	3009	3163	3170	3982	4513	5128	5449	5472	5802	6168	6316	6393	6578	6748	6870	6887	7029	7153	7388	7634	7896	8185	8783	8878	9489	9707	9799	9915	9993	60
xo	17	196	747	934	936	1270	1817	1874	1976	3163	4098	4513	5128	5652	5896	6168	6316	6343	6748	6870	7367	7388	7556	7896	8185	8407	8671	8878	9142	9608	9638	9904	9915	9967	42
xl	17	176	187	217	260	262	372	431	443	452	497	569	613	638	702	747	927	934	936	965	1065	1122	1163	1208	1328	1415	1449	1494	1570	1832	1853	1874	1976	2024	2138	2180	2284	2298	2350	2637	2893	2894	2921	2978	2981	3049	3095	3130	3163	3224	3247	3255	3275	3373	3441	3578	3613	3640	3826	3883	3969	4005	4009	4050	4075	4221	4237	4291	4513	4613	4665	4748	4790	4845	4965	4970	5128	5384	5602	5604	5652	5838	5929	5936	5953	5970	5978	5997	6075	6135	6151	6168	6185	6226	6309	6316	6326	6631	6725	6748	6772	6833	6869	6870	6941	7102	7141	7206	7222	7248	7255	7272	7301	7343	7388	7424	7574	7584	7587	7588	7861	7896	7989	8004	8007	8013	8026	8145	8185	8196	8235	8236	8306	8393	8600	8670	8707	8878	9186	9320	9352	9357	9428	9457	9558	9613	9674	9802	9810	9915	9968	9971	9980	10131	10136	433
xm	17	122	203	321	381	438	747	934	936	1030	1526	1555	1642	1874	1976	2408	2506	2701	3046	3163	3198	3252	3386	3742	3829	3892	3986	4010	4078	4084	4513	4643	4773	4887	5086	5106	5128	5232	5292	5357	5383	5398	5549	5575	6163	6168	6215	6316	6390	6393	6727	6748	6816	6870	6875	6943	7108	7134	7248	7371	7379	7388	7457	7629	7645	7706	7817	7896	8025	8035	8117	8185	8290	8335	8372	8393	8465	8467	8539	8587	8618	8745	8829	8878	8991	9090	9286	9362	9562	9854	9915	9968	286
xr	17	578	747	934	936	1068	1874	1976	2853	3163	4513	5128	5308	5365	5549	5755	6168	6316	6393	6416	6576	6748	6870	7138	7388	7896	8185	8452	8878	9033	9805	9915	43
xs	17	747	934	936	1306	1874	1976	2030	2257	2482	3163	3982	4282	4412	4513	4522	5128	5537	5652	5929	6168	6292	6316	6393	6599	6748	6870	6946	6948	7053	7388	7729	7896	8185	8431	8783	8878	9102	9130	9915	70
xp	17	240	265	291	546	747	818	934	936	1054	1134	1196	1206	1233	1874	1875	1976	2285	2743	2781	3065	3108	3163	3223	3441	3818	3951	3971	3982	4318	4513	4652	4672	4963	5091	5128	5136	5306	5440	5583	5596	5652	5893	6168	6316	6594	6748	6757	6816	6870	6872	6922	7108	7388	7536	7795	7896	7999	8070	8185	8210	8351	8372	8393	8405	8878	8941	9915	10134	113
xq	17	747	934	936	1874	1976	3163	4513	5109	5128	5744	6168	6316	6393	6748	6870	7388	7896	8185	8878	9792	9915	23
xv	17	93	184	260	390	405	452	519	531	678	747	863	934	936	1061	1065	1083	1090	1208	1247	1355	1422	1449	1524	1566	1567	1623	1770	1874	1897	1958	1976	2143	2264	2269	2276	2278	2353	2415	2452	2536	2605	2725	2739	2799	2801	2818	2865	2890	2891	2893	2936	3000	3032	3052	3111	3155	3163	3194	3275	3301	3339	3392	3395	3432	3466	3736	3792	3826	3846	3929	3932	4058	4061	4175	4191	4242	4279	4284	4287	4374	4513	4549	4623	4717	4785	4900	4939	5120	5128	5207	5222	5254	5271	5384	5702	5719	5775	5800	5881	5887	5913	5941	5952	5956	6038	6105	6135	6149	6168	6212	6231	6316	6496	6572	6748	6797	6870	6903	6914	6920	6934	7090	7173	7238	7246	7248	7301	7343	7388	7465	7467	7540	7578	7896	8004	8054	8056	8092	8185	8200	8208	8463	8481	8607	8660	8671	8762	8795	8808	8878	9056	9173	9308	9363	9391	9598	9627	9739	9847	9915	9963	10017	10025	10028	10136	10167	10197	223
xw	1	17	747	868	934	936	1874	1976	3163	3308	4513	5128	6168	6316	6393	6748	6870	6934	7085	7388	7896	8185	8878	9915	28
xt	17	747	934	936	1126	1218	1817	1874	1891	1976	2836	3163	3223	3308	3315	3727	3761	4116	4416	4513	4984	5128	5803	6168	6316	6748	6870	6948	7388	7896	8185	8353	8783	8878	9102	9915	49
xu	17	70	312	664	747	886	895	934	936	1179	1255	1321	1479	1570	1661	1874	1926	1976	2147	2165	2439	2555	2622	2749	2825	2948	2950	2997	3163	3321	3454	3494	3627	3674	3832	3902	3940	4513	4628	4776	4965	4982	5115	5128	5158	5354	5437	5688	6168	6316	6485	6496	6603	6748	6759	6797	6870	6930	7166	7255	7272	7388	7452	7537	7629	7896	8029	8055	8185	8214	8331	8714	8878	9319	9349	9427	9756	9763	9915	9948	112
xc	17	747	934	936	1874	1976	3163	3815	4407	4513	5128	5641	5929	6168	6316	6486	6748	6870	7388	7896	8185	8351	8878	9915	37
xb	17	747	934	936	1233	1874	1976	3163	4513	5128	5893	6168	6183	6316	6748	6870	7388	7896	8185	8878	9792	9915	22
xa	17	42	540	747	799	934	936	1817	1874	1976	2454	2533	3163	3367	3794	3861	3982	4349	4513	5128	5312	5557	5640	5733	5853	5896	6168	6316	6393	6748	6870	7388	7896	8185	8878	8920	9915	9961	47
xg	17	189	372	443	747	934	936	1290	1443	1494	1719	1818	1874	1934	1976	2120	2350	2394	3163	3762	4212	4383	4407	4513	5126	5128	5253	5279	5292	5383	5444	5526	5557	5875	6024	6036	6168	6316	6393	6748	6870	7379	7388	7467	7857	7896	8185	8878	8882	9002	9661	9915	92
xf	17	747	934	936	1680	1874	1976	2285	3163	3352	4513	4672	5128	5449	5652	6168	6316	6393	6599	6748	6870	7388	7896	8185	8878	9915	37
xe	17	747	928	934	936	1817	1874	1976	2056	3163	3173	3374	3670	4513	4760	4957	5128	5929	6168	6316	6393	6748	6870	7055	7388	7896	8078	8185	8239	8353	8878	9915	10225	63
xd	17	747	751	934	936	1123	1237	1381	1874	1976	3046	3163	4513	4795	4982	5128	5445	5795	5980	6168	6222	6316	6346	6725	6748	6870	7054	7110	7361	7388	7896	7935	8185	8353	8878	9066	9915	39
xemadfti_u4c	5814	3
x8	266	2536	6214	7626	8056	8917	9170	15
x6	266	5312	2
x7	1254	1765	6393	7717	10038	6
x4	1117	2994	5900	6393	8783	9
x5	1731	3393	2
x2	196	262	349	886	1117	1398	1601	1753	1765	1798	1990	2443	3170	3206	4309	4876	4915	5175	5802	6048	6108	6287	6429	7029	7075	7157	7469	7634	8162	8345	8501	8695	8783	9205	9522	9707	9799	9993	92
x3	349	751	1398	2443	4173	4876	5111	7157	7469	7572	8783	8838	9916	10092	24
x0	8	38	196	503	606	714	1060	1111	1418	1618	1673	1694	1724	1986	2160	2959	3153	3774	3789	4128	4309	4396	4522	4883	5043	5087	5276	5371	5449	6051	6108	6287	6409	6410	6578	6871	7254	7634	7792	7975	8014	8068	8074	8102	8284	8495	8501	9007	9269	9302	9786	10042	177
x1	196	262	349	886	1753	1990	2754	3009	3170	3515	3720	4564	4876	5802	6108	6393	6874	7029	7153	7634	8501	9034	9489	9707	9799	9993	82
xgleko_nan4-en	9366	2
xrn_23_0_cs67959399	3335	1
xochimilco	6339	9786	2
xmlhomelinkpl/0,4022,229724149_257215678_1,00	544	1339	9363	6
xml.aspx	5596	1
xerxe2004	1769	1
x1osqwrbmkftgfll6srcw	5953	1
xenotransplant	133	1796	7321	3
xz	17	747	934	936	1874	1976	3163	3982	4513	5128	6168	6316	6393	6748	6870	7388	7896	8185	8878	9311	9915	22
xx	17	32	93	136	163	170	260	274	306	309	329	387	484	497	527	547	676	701	747	776	782	792	818	886	917	934	936	948	965	1086	1139	1329	1348	1434	1449	1524	1566	1671	1692	1733	1769	1770	1780	1874	1902	1913	1930	1976	1990	2158	2174	2253	2269	2317	2330	2349	2536	2598	2686	2784	2818	2835	2893	2914	2973	3111	3163	3192	3240	3348	3362	3373	3429	3434	3542	3667	3775	3842	3982	4200	4209	4228	4483	4484	4513	4544	4572	4621	4672	4709	4845	4904	4957	5023	5042	5047	5069	5098	5128	5173	5210	5212	5217	5221	5222	5257	5384	5398	5521	5590	5683	5700	5706	5800	5846	5887	5929	5952	5956	6024	6075	6089	6149	6168	6231	6281	6290	6315	6316	6443	6523	6629	6665	6700	6748	6870	6887	6894	6966	7044	7065	7180	7246	7248	7250	7388	7635	7671	7710	7778	7841	7896	7907	8004	8056	8061	8062	8064	8092	8145	8173	8180	8185	8267	8373	8390	8463	8505	8561	8599	8600	8660	8684	8691	8710	8733	8802	8808	8878	8937	9024	9203	9334	9435	9531	9558	9609	9646	9698	9895	9915	9975	9980	10017	10023	10172	324
xy	17	747	886	934	936	1016	1024	1321	1874	1976	1985	1990	2443	3163	3377	3945	4513	4686	4876	5007	5128	5449	5996	6168	6316	6364	6429	6539	6748	6750	6870	6891	7364	7388	7627	7896	8185	8201	8317	8530	8878	9707	9799	9915	61
xogador	570	5045	2
xytech	882	1
xgv6gb0w914c	8600	1
xenon.physic.rice.edu	928	2
xml/02_histori	7927	2
xl-200	5	1
xv0daaaaibaj	1135	1
xanthomonadal	5115	1
x7zysntpihwc	1889	3663	6
xhql1wdwa0c	8496	3
xenoarchaeolog	1775	3998	9967	3
xserv	1379	7999	10134	6
xylographi	7364	7673	2
xiaoshu	2950	2
x.52-3	6728	1
xseer	2257	1
xxpiujh2uowc	1196	3
x&psj	8353	1
xolotl	3454	1
xronologiya	4912	1
xi'an	842	868	3360	3859	4982	6662	9361	9427	9429	9763	10213	16
xtgyal	2963	9346	2
xingdao	1926	2
xibaar	7431	1
xizang	4982	8518	9763	4
xml.svg	3497	2
xm2zcfwadxuc	6923	1
xbmc.blogspot.com	278	2
xombi	8740	2
xbjkt7bqj8jstwecwy3_dq	2652	3
xsl/pubm2wiki.xsl	408	7435	2
xyloplax	789	9542	5
xfactor.aspx	8005	2
xylometazolin	3881	1
xrg5a99ssswj	4225	1
x5sxle95ehi	7141	2
xherdan	5739	1
xn676-flq7i	15	1
xxifaaaacaaj	5996	2
xingcan	9429	1
x586172	7564	2
xenophyophor	2410	3
xlibri	1347	1421	1686	2057	3246	3402	5846	5999	6417	6504	6787	7441	8250	8807	8980	9563	9943	10018	20
xmlfilepath	7330	2
xlaqux3zcr	688	1
xgoeaaaambaj&pg	6688	3
xr7mdpuslaec	1494	9391	6
xl&collect	7544	9102	4
xiaotong	9349	1
xw4eaaaambaj	2456	3187	6
xbox/16122/star	7054	2
xingjian	1135	6034	2
xenasteiida	9183	1
xichang	868	8795	9886	3
xibalb	2160	1
xsonxfanx	2963	1
xqxuen6mr40	2296	1
xxxviii&oldid	8004	1
x8pnaaaaibaj	4407	1
xeneiz	4546	3
ximgtn	4079	1
x&cat	6625	3
xxiiiu	7176	1
x.25	4221	4672	5893	9468	4
xxiiie	2056	1
x-77	1083	1
x-66	1083	4
x-50	4664	1
xqjaaaaqaaj&printsec	5387	1
xbq-2a	789	1
xiuquan	4239	2
xonar	3033	1
xeedwct51bcc	4867	3
xintiandi	8900	1
xi-23	4556	1
xtal-2008-3d	2642	2
x-15	764	894	2785	3935	6113	6338	35
x-10	2174	1
x-20	2785	2
x-1b	2785	6113	4
x-1a	8337	2
xpnbm-z7aoyc	6071	3
x-47	4664	1
xef2c6f5bf4	928	1
xt8gt4xfmcx02qxb_zwvdw	9047	3
xiaohan	2950	2
xzxkwpwtic&pg	6914	3
x0rxp5dnzr	2542	3
xusurvei	2638	2
xbox.ign.com	8442	3
xichang.th	9886	1
xtayer	7187	1
xikang	4982	1
xplosion	1150	9536	4
xegundo	9027	1
xmonad	1206	4246	5652	7024	4
xrn_2_0_cs119245961	6082	3
xword	2950	1
xfinity.tv	5898	8130	2
x7ksd1gmik0c	4389	2
xrjsaaaaibaj&sjid	6885	3
x-6336-orlando	4983	1
xo4egzpp1m0c	8901	1
xi&oldid	7196	1
xxlmag.com	1113	1328	1486	1804	5000	5718	5923	6210	6298	8358	8442	9753	9910	26
x-62812	764	1
xmgx4j9daumc	9294	4
xqfpqxgw4-4kik1zraj8orq7b2m	3028	3
xylophon	66	386	887	1761	1844	2055	2189	2612	2670	2735	3105	3222	3446	3488	4207	4814	4838	5281	5398	5432	5929	6486	6497	6527	7364	7371	7496	7907	7941	8879	10032	10223	48
ximeng	8093	3
x96kqzpcjh	2936	1
ximena	892	915	2004	3111	3832	5473	8152	10
ximend	6999	1
xwdtupzdlqxp0ght2ogabq	8481	3
xfactor/a146564/alexandra	4412	1
xueaj9tvpt	922	3
xrightarrow	3126	5
xivpq5tudo0	403	2
xuchilbara	8498	1
xv&featur	8275	2
xosha	8299	1
xbqi4cceyn	8691	1
xsmszzlopccc	8802	1
xma.html	737	8442	4
xiaokai	4765	1
xbqtef0rd7wc	6137	3
xmlfeed.nsf	90	145	311	1328	1664	1781	2346	2349	2815	3078	3775	4116	4195	4262	4484	4718	4883	4995	5028	5075	5217	5593	5619	6062	6318	6473	6489	6800	7185	7793	7814	7925	7935	8152	8894	9931	73
xenaki	511	540	966	1052	1494	1905	2506	2637	2654	2688	2826	2914	2935	3109	3193	3222	3275	3301	3543	3683	3781	4204	5343	5995	6126	8685	8943	8992	35
xcwdaaaambaj	1509	2
x'll	6599	1
xnjox6gjxd	4928	3
xkcncj7j744c	1227	6566	9773	9
xuwn7dngyokc	7256	2
xvrpaaaaiaaj	3117	2
xtermin	60	421	2942	4893	6107	6210	8377	22
xorro	1248	1
xil9adyye	4396	1
x-206	762	1
xiazhi	2950	1
xinghua	5158	1
xxx.imsc.re.in	9489	1
xvii.html	5299	1
xtxl1sfhpd	5748	2
xi67f03u6wgc	2096	1
xlvii-2012	7248	2
xylophagi	9831	1
x&oi	8	43	61	69	77	85	94	96	173	189	230	261	269	281	283	308	315	318	354	360	362	392	431	434	445	446	485	517	628	655	696	723	748	754	775	777	793	904	912	941	966	979	1018	1065	1069	1071	1079	1083	1097	1107	1146	1149	1211	1216	1229	1243	1312	1375	1376	1380	1504	1583	1611	1671	1676	1703	1744	1779	1781	1792	1846	1852	1916	1930	1967	1983	1998	2005	2055	2061	2064	2083	2122	2191	2226	2271	2310	2338	2349	2383	2404	2438	2452	2454	2488	2527	2542	2575	2610	2633	2645	2688	2726	2753	2770	2771	2791	2792	2801	2815	2817	2842	2857	2864	2914	2935	2977	2985	2987	3003	3010	3028	3031	3049	3092	3154	3185	3206	3247	3249	3262	3275	3301	3306	3308	3330	3373	3401	3434	3438	3450	3459	3467	3578	3654	3663	3667	3677	3687	3761	3770	3782	3810	3818	3819	3858	3897	3947	3975	4023	4043	4119	4121	4122	4128	4129	4147	4169	4183	4225	4227	4242	4260	4326	4393	4405	4410	4452	4484	4494	4527	4535	4539	4544	4547	4588	4592	4596	4623	4634	4646	4655	4695	4711	4728	4750	4756	4763	4765	4766	4769	4775	4795	4919	4982	4995	5054	5072	5106	5138	5143	5157	5158	5175	5191	5212	5302	5305	5322	5328	5342	5489	5508	5545	5554	5555	5593	5600	5612	5627	5642	5646	5651	5664	5687	5688	5748	5770	5800	5801	5846	5888	5897	5953	5976	5986	5992	6027	6050	6062	6083	6114	6138	6157	6161	6229	6236	6249	6333	6353	6356	6384	6421	6431	6468	6489	6500	6506	6508	6521	6563	6573	6610	6688	6693	6713	6728	6741	6769	6786	6801	6818	6924	6964	7021	7023	7042	7065	7085	7094	7143	7154	7159	7176	7210	7218	7303	7312	7340	7343	7367	7424	7427	7437	7460	7465	7517	7578	7588	7602	7671	7673	7688	7694	7713	7730	7739	7755	7772	7781	7819	7826	7844	7861	7868	7869	7909	7921	7925	7967	7989	7999	8011	8042	8064	8086	8152	8157	8158	8177	8179	8183	8210	8216	8224	8231	8236	8242	8248	8332	8365	8393	8424	8436	8458	8467	8485	8600	8649	8651	8691	8693	8759	8827	8829	8853	8868	8897	8933	8967	8988	9052	9058	9071	9080	9102	9113	9119	9144	9170	9186	9194	9274	9308	9363	9366	9371	9383	9412	9425	9481	9509	9512	9536	9543	9558	9561	9707	9753	9795	9806	9810	9826	9859	9875	9891	9903	9931	9972	9993	10019	10025	10031	10033	10045	10095	10167	10192	10199	10213	1758
xec6f5c6h2f3	928	1
xduoaaaaqaaj&pg	2807	3
xiaolin	8479	1
x40095k2	3815	3
xx.7.2	2366	1
xszd-bpo3s8c	6964	2
xerula	6173	1
x11r6	5136	1
x&ei	4	8	52	85	121	163	210	236	265	281	308	334	367	453	562	569	617	647	676	702	797	800	805	855	863	966	1070	1079	1179	1182	1200	1215	1218	1229	1345	1347	1379	1392	1443	1444	1492	1505	1611	1683	1781	1881	1889	1930	2004	2005	2041	2042	2065	2096	2103	2107	2122	2143	2160	2191	2217	2245	2246	2261	2266	2269	2350	2391	2454	2605	2632	2652	2664	2671	2739	2759	2792	2801	2807	2887	2910	2935	2936	2943	2945	2982	2994	3049	3169	3194	3218	3298	3420	3458	3543	3571	3601	3618	3651	3653	3654	3662	3666	3720	3731	3751	3805	3815	3824	3881	3954	3967	3990	3995	4005	4010	4119	4121	4128	4138	4163	4217	4297	4308	4327	4333	4393	4484	4488	4490	4586	4588	4598	4695	4757	4763	4775	4867	4902	4919	5027	5041	5043	5072	5087	5100	5143	5212	5234	5279	5349	5427	5580	5600	5770	5775	5803	5807	5889	5907	5911	5995	5997	5999	6083	6135	6210	6236	6319	6349	6356	6361	6383	6388	6485	6495	6585	6641	6731	6809	6832	6857	6964	6974	7021	7065	7165	7205	7229	7256	7343	7374	7381	7407	7423	7499	7506	7545	7755	7772	7818	7819	7870	7890	7921	7946	7967	7973	7992	8025	8033	8152	8159	8210	8239	8270	8316	8353	8375	8416	8419	8422	8424	8442	8463	8478	8481	8492	8579	8586	8600	8607	8668	8671	8687	8691	8698	9023	9047	9052	9104	9127	9156	9233	9283	9294	9296	9302	9308	9327	9352	9363	9366	9367	9512	9514	9542	9593	9627	9640	9733	9772	9843	9969	10046	10061	10063	10131	10155	10167	10175	10192	1532
xsoz8kf5ynec	10179	3
xlvii/1889009	7248	2
x482.xml	4117	1
xeviou	2533	8745	4
xenocentr	1693	3644	2
x_2-x_1	6108	8501	2
xeyriyi	4831	1
xa0d0pqiwfec	2759	3
xxyyxx	7567	1
xdiez.html	6116	2
xxtz2uoxq	3908	3
xhavtkkuoap38qahxjmsdg	9071	1
xicalango	1018	1
xfrguyw1v8	4297	1
xtbsiq	2284	2
xt4lbwcjgayc	7578	3
xxx/2000.11.16/featur	5437	2
xrobb	9714	1
xisbnadmin	3582	1
xbjlecf	4009	3
xanafygei	10060	1
x3odmta3nw1omdrpbhnlywm3ntc	6936	1
xkrzu	9842	3
x6.5	1765	6214	4
x6.6	6777	1
xarchiv	5494	3
xaremathra	3850	1
xiao'erj	868	6050	3
xinlisuprem	9203	1
xouwewc&pg	4032	1
xoc&pg	782	1781	4
x6u-ps_t5aq	902	2
xxl_julyaug2010.jpeg	9162	2
xandicu	5814	1
x1fr	3633	5
xtensiv	2514	2
x-47b	4664	1
xamaica	4712	9533	4
xxxx09f.2.1/010000r	6075	2
xxxxiii	6149	1
xm982	5494	1
xaymaca	3833	4712	9533	3
xsampa-rslash2.png	7929	2
xenergi	5019	1
xfactor/a138397/alexandra	4412	5
x-mw0000784634	6625	1
xbiex	9714	1
xt4btex-c4kyhae28tubw	9308	1
xpiacoc	1240	2160	3254	7440	9776	5
xacml/201301/msg00017	9557	1
xanthopan	2432	4
xyster	7364	2
xinfengjiang	4130	9008	2
x80/prodigi	2269	2521	4227	5557	6583	8463	10145	7
xwiki	579	1178	3791	4596	5834	9809	18
xplora1	2178	2654	3
xenosaga	4915	6169	3
xsampa-k2.png	7929	2
xz-61gfze1kc	1653	3
x_i3gpykkv	7742	1
xpatloop.com	6074	1
xorrgsgohy	7635	2
xemxin	3755	1
xyston	297	2578	3513	3543	4629	4763	5995	6032	6628	7111	7364	7967	8699	9369	9538	9730	16
xnvroo	7250	1
xacobeo	9895	1
xxiii&param	7176	1
xfactor/xfactorjudgeshousepart2wk41/default	1625	2
x9x6f_4mupgc	3716	3
xunlei	236	1
xv.32-36	6859	1
xenysal	8852	1
xfactor/a71993/cowel	4416	2
xml-20081126	6726	2
xfactor.tvn.pl	2257	1
xieeaaaambaj&pg	8210	1
x/11-402-x2011000-eng	6926	2
xstadat	10167	2
x27t	881	1
xknmumickybmigkyi4giaq	7374	3
xplorer	588	4620	6444	7590	4
xaooaaaaibaj&sjid	9328	3
x237	8684	1
xxi/4/517	3693	2
xulplanet.com	3497	1
xruki	3343	1
xnwyiuvhpco	7775	2
xatkdmyob	10068	2
xmastreenewyork06.jpg	4535	1
xylosyltransfera	9319	1
xaviera	6302	1
x/2x	5596	1
xplosiv	578	9239	2
xmasag	3339	3654	4598	6987	8519	5
xu7j67w616m06488	526	6419	6
xmi0toinhjcmnqfe2zhdaw	9052	1
xeograf	1101	2535	4160	5530	7262	8331	9253	9
xform	3497	1
x.ar	3352	2
x2,y2	8530	1
x-7ki	7848	1
xbqkiryaqc&dq	3085	6970	8797	3
xbzttkgkohec&printsec	6388	3
xmdxt5lya6fb4qte1acnaw	2910	3
x000	3079	3
x001	3079	2
xnckeeticn0c	526	3
xiangyang	9429	2
xv.shtml	10028	2
xml/9/41799	2143	1
xsz2hyjeaom	5924	1
xiaoxin	2147	1
xiaoxia	2147	1
xur842_xgwqc	5234	3
xband	8873	1
xsfwjd5yfm	628	1
xyzmovie.com	9841	2
xfgz3ivpr4cc	1243	1
xunida	4867	1
xiii.4.16	9707	1
x/2010001/tbl/tbl016-eng	9186	2
xxviii	217	626	782	1018	1131	1449	1475	2219	2536	2801	3046	3449	3613	3642	3682	3761	3803	3826	4128	4316	4673	4957	5384	5641	6123	6149	6287	6511	7065	7248	7427	7952	8004	8056	8593	8660	8685	8884	8903	51
xfiniti	1752	3586	3894	5898	6865	7134	8130	15
xfwcqvkp	509	1
xym3cmggj	4983	1
xiv.5.2	7021	1
xc8qlxveyn	4757	1
xpand	7588	9
xylamidin	3881	3
x52662.xml	4117	2
xmrnaaaamaaj&q	2759	3
xucuru	723	1
xwseaaaambaj&pg	2349	7566	6
xviii.lxxii.630	411	2
xml/2005/4	8490	1
xpath	2638	3497	2
x2k5u1yeaq	4129	1
xsampa-b2.png	3739	2
xinclud	3497	1
xwbhmebyhxac&pg	7322	3
xanthoria	9973	4
xanadu	67	70	600	997	1118	1134	2065	2153	2335	2638	4230	4454	5098	5714	5769	6020	6285	6306	6489	6598	6639	6671	6778	7042	7872	8088	8443	8584	8675	9052	9087	9120	61
xfactor/a179357/x	5682	2
xenogenesi	6857	7507	2
xeldraci	6370	8945	2
xanana	4831	8397	2
xeo3f2	928	2
x.1035	1296	8315	2
xibalba	2160	4
xlviii	244	1449	1997	5384	5620	7248	7755	8004	9810	11
xipranolol	3881	1
xieaaaambaj&printsec	52	3
xerhf6	928	1
x12330.xml	663	1
xanthu	3230	4522	4763	5115	6
xanthi	1690	5467	2
xantho	2637	7364	10136	4
xml&doi	387	1
xeo2f2	928	2
xanten	70	9011	2
xahwxau5nwoc	6815	1
xmltordf	3497	1
xxxii/part4/kuebler51	8941	2
xdm80zczgkac	2246	3
x999	3079	3
xv-3080	5312	1
xl2000	7145	1
xrieaaaaibaj&pg	1148	7351	7535	7
xylotymv	7967	1
xyelida	6931	1
x_wxxdexqm4c	511	1
x9f1	1181	1
xpert	9826	3
xmlhomelinkpl/0,4022,229724149_257218473_3,00	544	2
xugadori	389	1
xl_mgkxdz5cj	1070	3
xml&style	7927	1
xernona	5545	1
xpeak	1680	1
x,000	5640	1
xpect	543	1
xander	1299	1968	3026	3046	3845	4673	6430	6710	6722	6755	14
xenobiot	7629	9319	9723	13
xiti.com	5652	1
xandar	2236	1
xyznetwork	1097	1
xeroderma	1684	1
xjara69	869	1
xrvatska	2409	6776	2
xqueri	3497	9476	2
xinchou	2950	1
x-101/x-102/x103	10061	1
xenoblad	6725	1
xandro	4787	1
xx&timefram	9130	3
xesryurrnkac&lpg	6445	1
xcrc6bekhiic	3771	1
xanela	2836	3
x22.xml	4117	2
xcution	1010	7964	9236	5
xstructure.inr.ac.ru	138	196	3635	3
xanedu	198	7423	8316	3
x2ceaaaaibaj	5748	3
xitimonitor	5652	1
xwdt/t73142.htm	3935	3
xglc324uiugc	2633	1
xqgwgjncpzgc&pg	702	3
xzmrichany4c	4672	3
xxxiii.21	9011	1
xxxiii.50	9011	1
xiaoyun	6863	9349	2
xfactor/a88719/cotton	4416	2
xb6ie6pqyhwc	43	8953	4
xyr6gxmva-gc	10109	3
xtrabackup	5640	4
xueqin	9427	2
xindex3	3078	2
xb-90-704	193	3631	5632	9509	10
xml/2008/11/26/00223862	9735	1
xinran	9029	1
xaseaaaambaj&lpg	3298	3
xsweaaaambaj&lpg	655	1
ximerami.html	4372	2
xxi/3/230	3693	2
xgravity23	2359	1
x_wiwedtc0cc	3206	5175	6
xwrrog0us_t8z2yvxhgiidtusd	9536	1
x/4151287-eng	9766	2
xmf.wikipedia.org	31	73	105	110	114	122	126	156	210	246	264	277	282	338	350	370	372	389	390	444	452	453	469	493	502	526	544	558	569	575	588	603	605	619	638	647	660	663	664	688	691	695	701	702	723	728	742	743	749	782	788	792	811	832	840	842	852	863	892	894	945	965	988	1030	1049	1058	1076	1079	1101	1106	1107	1122	1191	1228	1240	1339	1360	1432	1447	1467	1476	1494	1510	1522	1533	1550	1552	1569	1620	1650	1693	1700	1726	1770	1774	1778	1785	1820	1836	1844	1852	1875	1893	1925	1937	1953	1979	1999	2009	2047	2048	2143	2151	2162	2177	2197	2245	2268	2316	2319	2336	2362	2368	2378	2390	2398	2433	2438	2450	2454	2477	2485	2487	2506	2531	2568	2645	2742	2754	2762	2763	2775	2785	2807	2849	2861	2876	2890	2921	2929	2935	2956	2978	2988	3029	3030	3049	3062	3083	3087	3111	3113	3125	3130	3135	3137	3150	3152	3187	3225	3247	3251	3260	3284	3301	3310	3339	3366	3392	3478	3519	3529	3542	3543	3546	3572	3595	3633	3690	3699	3710	3720	3727	3740	3755	3761	3782	3819	3824	3842	3846	3883	3935	3960	3967	3968	3974	3975	4038	4103	4135	4160	4161	4162	4180	4199	4228	4251	4291	4308	4322	4330	4357	4368	4379	4404	4420	4431	4484	4503	4514	4538	4591	4594	4623	4629	4678	4695	4703	4721	4730	4757	4763	4804	4826	4836	4872	4912	4914	4921	4957	4999	5062	5089	5136	5150	5171	5180	5192	5194	5212	5228	5235	5257	5273	5327	5350	5352	5357	5365	5385	5389	5390	5472	5479	5495	5529	5539	5551	5561	5590	5610	5662	5678	5701	5729	5753	5769	5868	5872	5914	5919	5936	5939	5953	5978	5995	6012	6034	6049	6071	6075	6083	6096	6135	6160	6174	6182	6183	6190	6212	6279	6309	6320	6350	6364	6379	6403	6418	6444	6446	6454	6506	6513	6551	6585	6594	6628	6632	6633	6654	6701	6747	6756	6761	6776	6778	6803	6806	6808	6818	6833	6841	6916	6926	6934	6955	6985	6989	7011	7018	7021	7046	7065	7092	7119	7156	7222	7226	7242	7250	7252	7278	7301	7343	7401	7421	7422	7424	7427	7431	7439	7440	7441	7468	7488	7492	7502	7508	7525	7544	7553	7590	7597	7609	7685	7704	7722	7727	7741	7742	7755	7765	7806	7814	7861	7871	7900	7924	7957	7967	7969	8011	8030	8064	8092	8093	8119	8145	8152	8176	8186	8224	8235	8267	8272	8274	8330	8390	8415	8419	8465	8507	8516	8538	8560	8583	8586	8587	8600	8671	8678	8681	8717	8782	8795	8808	8815	8818	8833	8834	8841	8849	8866	8868	8874	8926	8967	9011	9039	9045	9058	9098	9132	9223	9245	9264	9269	9280	9294	9297	9311	9316	9361	9397	9408	9409	9420	9434	9474	9487	9512	9538	9540	9560	9563	9584	9611	9665	9714	9730	9732	9735	9763	9786	9797	9805	9852	9859	9865	9866	9876	9878	9904	9951	9956	9968	9969	9971	9980	10018	10027	10028	10047	10059	10076	10080	10108	10112	10131	10136	10156	10167	10192	10210	527
xenoestrogen	6133	1
xhaka	2747	1
xxxvi.html	7368	1
xuxalliop	1769	1
xillia	8062	5
xbox360	9668	1
xhmpoym2b	696	3
xrn_2_0_cs135185670	24	1
xuesen	595	1539	1558	1999	4309	5494	6
x8woaht3jkac	10100	3
xicara	265	1
xbasic	5652	1
xuzhou	868	3859	6050	9763	5
xalapa	390	6022	6920	23
x-esbmjwj3sc	5145	3
xenophagi	9831	1
xph1scomp	6393	36
xlibri.com	2370	1
xuereb	1318	5773	8423	9597	5
xmlbean	2899	7623	2
xdmf9rx6mx8c	1286	3
xenomania	4581	5682	5997	6232	8011	8910	16
xijchxbtmj&dq	5846	1
xatrac	8378	9172	2
xxt6ks1f0xcc	1028	3
x/lat0459.htm	3155	1
xr311	6402	6642	9615	3
xitsonga	132	452	638	657	965	1061	1101	1447	1467	1550	2055	2118	2143	2415	2447	2525	2527	2612	3048	3064	3083	3111	3225	3321	3459	3720	3731	3740	3778	3789	4038	4281	4549	4616	4867	5563	6034	6075	6137	6371	6497	6501	6594	6653	6926	6989	7021	7092	7301	7428	7447	7492	7509	7544	7777	7882	7896	8328	8331	8419	8600	8636	8854	9311	9442	9563	9574	9621	9727	9859	9886	9887	9998	10018	10059	10167	77
xultun	2160	3331	5719	7440	9786	6
xezellw	4527	1
xz6fevautzozfewlmx8wxgbl6_	8671	1
xpose	4416	5179	6349	3
xht-1970s.jpg	10122	2
xdata	10091	1
x3odmti2ajbnadlrbg1pdanqzxjzb24grw50axr5iefib3v0bhbvcwmxbhnlywnnzwrpyuvudgl0eufib3v0tglua3nqywnrywdlqxnzzw1ibhk	4883	1
xxi.2.95	6137	2
xinhuanet.com	1642	2701	3892	6390	8016	6
x-24-06	1208	7328	4
x&oldid	5929	1
x1qpt8snostr8gp35osxaw	7343	3
xrk-hyektilzrxrw9b7oufxf-ki	1083	3
x_2x_1	9799	1
xsampa-o2.png	8248	2
xhfaj	9666	1
xcwdaaaambaj&lpg	3698	1
xanthipp	7364	7884	2
xamtanga	5507	1
x_2y_2	2255	1
x54f52momtiznjmwnti2ms4zmzk5otq6mtoxmdoxmjgumtiumc4w	6839	3
xriyaqaamaaj&pg	10109	3
xrcc4	1684	1
xpopconfbioid	852	3
xstatic	1208	3202	4
xylophagoidea	9183	1
xalfor	5725	1
xabixabi	1614	6334	10216	3
x3fz1v3lztw	6125	1
xliii	1328	1345	1449	2506	2688	2818	2835	2932	3313	3467	3610	4389	5384	6879	7248	8004	8163	8657	9536	9613	9735	10038	10127	31
xr190	1999	6888	2
xeolox	5213	6249	8158	4
xii.jpg	524	1
x4yzp0imai8	4873	2
xuntuan	1926	1
xlxyt6adl6aa0qw9hphuaw	4484	1
xbugt7ayzfw	2021	1
xhamajka	4712	9533	2
xirimia	3697	1
xddad	3895	1
xl0272	3856	1
xa8eaaaaibaj	5748	3
xanthuru.jpg	7295	2
xkm92xmlq4c	2572	3
xlbkxsn6xhac	1535	3
xinwei	2950	1
xplor	4783	1
x/00503/t	6926	2
xaldun	5789	1
xrank	5596	3
xwn-mimte6sc	6460	3
xc.ccclvii.721	792	2
xlink	2638	3497	9778	3
xvi.i.2	794	1
xdcam	8	2112	4698	8103	8210	5
xpsdtbyxkivqrqf-xz2zba	4043	4
xkyn8knkwdcc	9717	2
xnqraaaamaaj&q	7909	1
x36856.xml	4117	2
xin'an	9763	1
xhudaaaaibaj&pg	5399	3
xhitz	5170	1
xinhua	243	346	580	693	834	863	965	1196	2024	2055	2147	2161	2478	2622	2624	3789	3935	3976	4216	4982	5790	5803	5810	5988	6050	6452	6662	6846	6863	7441	7755	7967	7974	8062	8326	8350	8419	8671	9227	9427	9449	9502	9525	10055	55
xalatan	10169	1
xi6edv_prr4c	6701	3
xi9j4vcotpqc	6051	1
xpkiaaaamaaj	9717	2
xrgl7o69kbic	7492	3
x75mry1lcfg	3773	3839	4
xml&storylist	8917	4
xtramsn	5583	1
xingwu	9427	2
xxyjjgupbsmc	3374	2
xianbei	3494	8161	8714	4
x5kt_w6nye8c	3208	1
xuantong	4026	5089	9876	3
xingu'	6594	1
xestospongia	4757	1
xinhai	1769	2950	3672	4982	6404	8518	9399	10043	14
xylitol.asp	4701	1
x058kynhxc0c	8948	3
x22c9	8783	1
ximcc&pg	497	3
x22ca	8783	1
xgvdmcyxt	3995	1
xihuitl	2537	1
xintian	3434	4
xproc	3497	1
x/2007b/071027celarmstrongd	2785	2
xuejia	7234	1
xenopoulo	3543	5995	2
xfactor/a146955/sharon	4416	2
xvith	1564	2943	2
xiandai	6050	1
xml&page	3203	5624	6614	8465	8587	13
xnaheb	3331	5719	9786	3
xanthosi	7364	1
xylitol	4701	7364	5
x7qeqvpq9poc	7751	2
xtocch	7104	1
xenoglossi	7364	1
x.130	4287	10017	2
xywwweb	9381	2
xargentina6.htm	9980	1
xportal	2438	7544	9
xunantunich	1240	3331	4417	5604	5719	7440	9786	11
xcueaaaaibaj&pg	2004	3423	7354	9
x5cpaaaayaaj	7173	3
xmlschema-2	5987	1
xisaab	3083	3771	2
xqio_xn4t7oc	6445	1
xinmin	2129	7957	4
xfejlof28w8c	7303	3
xensyriat	7605	1
xumhsxvobe&dq	3000	1
xuhlxbozntoc&pg	10109	3
xinmao	2950	1
xingolati	8442	3
xp3jymnfaq4c	262	3
xilinx	122	1030	1642	2701	3892	4456	5355	5437	6390	6816	6875	7134	7645	8350	8372	8393	21
xinmsn	1664	7739	8005	9366	4
xinhong	10043	1
x2g6xtekb8oc	5494	2
x52085.xml	4117	1
xbqeaaaambaj&pg	1846	1967	3154	4009	12
xieaaaambaj&pg	2004	3
xj220	2935	1
xwnjup_te4nc4qse24cydg	367	1
xiangqi	1134	9429	9836	3
xhosa	87	105	114	156	264	370	469	493	502	575	605	660	695	728	811	841	930	965	988	1058	1191	1360	1467	1510	1533	1588	1650	1726	1776	1820	1893	2009	2047	2177	2197	2316	2319	2368	2390	2433	2477	2763	2861	2876	2956	3019	3064	3125	3137	3225	3240	3251	3328	3360	3384	3572	3694	3991	4162	4180	4322	4357	4437	4527	4534	4538	4594	4678	4826	4921	5228	5273	5385	5479	5529	5592	5641	5769	5868	5872	5896	5913	5931	5987	5998	6065	6160	6320	6446	6454	6632	6633	6654	6747	6757	6778	6808	7018	7092	7126	7242	7316	7401	7421	7468	7488	7506	7531	7544	7704	7741	7806	7871	7924	7957	8030	8119	8274	8390	8507	8706	8815	8833	8834	8874	8937	9022	9098	9102	9132	9264	9409	9487	9560	9727	9758	9865	10076	10172	172
xinoph	6684	1
x/4067801-eng	6926	2
xiv.jpg	8348	2
xulnal	265	1
xmlliter	3497	1
xcniblwrjmsc&pg	3543	5995	6
xy4fxhkm6nw	2108	2917	2
xcit06pop.htm	588	6444	7590	6
xenon-135	928	2
xenon-133	928	4600	6039	5
xenon-129	928	1
xiangchuan	7585	1
xfytiwm0glmj	3740	3
xianhuo	1926	1
xqav1pndjbu	4000	2
xd197eo27_ic	3097	1
xapian	2899	1
xuemin	2033	3292	2
xf7js9xmnclflge2-ogkbg	5322	1
xlaju	2160	1
x.509	2007	2
xi/1/97	5911	2
xkxdaaaaibaj&sjid	5748	3
xtratim	1634	1
x/17.817	8382	1
xvz5yme9wysc	9164	3
xlang	2438	3
xj0-1ld8jo7xjuxpecddotytx98	1216	1744	6
xs4.b92.net	6452	4
xcyvt	10090	1
xadina	3755	1
x3.50	2537	1
xml/2008/00000002/e6870001.xml	2436	1
x3.64	5440	8070	9673	3
xpress	2517	3406	3676	4387	4967	6292	7549	9
xemac&utoken	4140	1
xwenaaaaibaj&pg	4995	5593	6
xiphosuran	5712	1
xdwz9wz3obic	4242	3
xpointer	2638	3497	4
xc3028	3893	1
xtoloc	9786	7
xmag.png	1338	7977	4
x'tabai	5604	1
xinhuanet	2161	6356	8062	4
xchang	965	1
xanthophyl	6133	7364	2
xeriscap	543	1304	2361	2596	6794	6
xanthophor	9154	10
xiwctmctemwzoizvmlmo&sa	5992	3
xenacantiform	5510	1
xyz.example.org	9778	1
xsampa-c2.png	1513	2
xw5aaaaaiaaj	7600	1
xlg1scomp	6393	36
xug4aaaaiaaj	4765	1
xiangsheng	7962	1
xinkuna	1588	7316	3
x3wntu88m40	1195	2
xjqc&dq	655	3
xxglux	6319	10109	5
xzyle	5170	1
xgrid	1233	3352	3951	6922	9648	5
xevibodlzlgc&printsec	4129	3
xochicalco	3454	3536	4417	9040	9786	10
xuliano	7506	1
xlvii	157	179	217	360	413	432	664	801	1138	1210	1411	1449	1611	1666	1792	1811	1861	1898	2100	2107	2111	2323	2383	2470	2673	2711	2981	3200	3219	3344	3586	3610	3640	3668	3825	4050	4181	4182	4195	4303	4445	4479	4508	4617	4646	4715	4813	5059	5074	5100	5101	5126	5181	5317	5384	5391	5526	5563	5620	5626	5755	5801	5924	5993	6072	6094	6201	6492	6502	6574	6576	6780	6913	7096	7116	7206	7248	7268	7386	7402	7446	7628	7768	7951	8004	8154	8196	8232	8276	8287	8300	8305	8332	8485	8539	8651	8796	8838	8894	8896	8907	8918	9033	9035	9235	9372	9445	9542	9640	9726	9903	9959	9962	9981	10017	10033	244
xmodddutc	6393	72
xxxviii/1581_dryandra	1992	1
xa.yimg.com	3768	3
xdklwbd_3rzf0wjm_u	3249	1
xiphoid	3064	7364	3
xincan	3343	3811	4417	5547	7222	5
x3oiorbjfhac	2151	1
xuegang	8350	1
xinbin	9298	1
xygzjbnrap0c	9886	3
xvt5hkg9jyc	702	3
xe131	928	1
xeorxia	3761	5495	7597	4
xcode	1233	1488	3951	4531	8
x765ihcvnqg	4262	1
xkzrm8srnmic	321	2
xviii	93	260	274	519	676	782	790	941	1065	1315	1449	1524	1850	2043	2276	2286	2353	2698	2818	2866	2892	3003	3155	3187	3193	3392	3395	3613	3642	3688	3776	4135	4162	4763	5038	5067	5222	5384	5411	5641	5719	5759	5800	5952	6149	6231	6287	6319	6734	6816	7248	7343	7540	7765	8004	8092	8183	8226	8353	8372	8537	8660	8884	9465	9524	9541	9776	9788	9967	10017	91
xxxi/36271.htm	701	3
xvi.6	9707	1
xvi.5	9707	1
xing.d	10196	1
xml.bz2	2285	1
xul.png	7531	1
xvi.1	9707	1
xvi.2	9011	1
xvi.a	1065	1
xylocain	3881	1
xwznfmsrk8	2191	3
xsibcq&sa	2404	1
xhxga8hsqiqc	9859	3
xxiiird	161	2
x1rlrvdrn9zbxkx84i5x45gzh84	4982	1
xml.com	3497	1
xvjhudmccpu&featur	5279	3
xkpeyk1wxfuc	2664	3
xurshid	7641	2
xljum8gkne0c	5770	2
xtremelif	5334	2
xavierfranz	5742	1
xiyeaaaambaj	9910	2
xsampa	815	1235	1319	1513	1944	2036	2158	3739	5635	5693	5896	6216	6281	7316	7929	98
xcnewsplu.asp	6639	1
xmtmyotqznjky.html	4441	9601	2
xsampa-4.png	7929	2
xinesa	868	9427	2
x8nwaaaayaaj	367	2
xpyp7_kmbk4c	4922	3
xingyiquan	640	2
xtkxaaaaibaj&sjid	5748	3
xkci43womn0j	3619	6719	6
xfactor/542272/twin	2723	2
xhibitionist	4588	1
xermanan	4527	1
xocolata	1339	1
xrn_13_0_cs201906825	3335	1
xztxaaaaibaj&sjid	5748	3
xvl-tnnyhcl98aasu5x6bw	6769	1
xdcgvzcc6gn_kyagx0f3ojvrm3u	5846	1
xiphosura	1100	1
xbbcaxc85hm	2815	1
xdenizen	2963	1
xsr&prom	2096	1
xoom.com	7456	1
xsl9t_3vbomm4gssnri7da	10025	1
xlr8r	92	173	618	1085	1348	1800	3851	4019	6570	6763	7346	18
xentel	365	1
xwwdk3x9u28c	4010	2
xvi.htm	2536	2
xmhl8kontxuc	1809	3
xgseaaaambaj&pg	7205	8988	4
xolnar	4522	1
xlokk	9714	1
xjwiaaaacaaj	8183	2
xkmnaaaaibaj&pg	5748	3
xnruaaaamaaj	2533	8745	9231	6
xuyen	9961	1
xlyffdjdxewc&pg	8560	3
xvcenturi	5325	1
xenophyophore.jpg	2410	2
x_z4vcgrgmwc	4043	3
x_0,x_1,x_2,x_3	2020	1
xwezai	8602	9772	2
xuxen	9869	1
xvi.jpg	1065	2
xceiv	3893	1
x1d6b	4483	7841	2
xpisti	2195	1
xusa05_fcmark	2868	2
xceed	7492	1
xujiahui	8900	1
xmiiqic&q	5911	3
xtaqaaaayaaj&pg	6964	1
xq30p7z	8636	2
xcept	8681	1
xiaozhuanqinquan	1619	1
xcess	4416	5782	9562	3
xcese	582	1
xdata.php	10091	1
xquic	1240	2160	3254	7440	9776	5
xtravaganza	2963	3264	3
xbh0ibmdf0ac	4118	3
xy-15267453_1	6123	8593	4
xqlhfvu6wwij	1665	3
xcp7oxqe0fmc	1079	3
xilofono	5929	2
x2055.xml	4117	2
xaclchucani	329	1733	2
xiantian	8406	1
xavierian	5411	8537	2
xmnuaaaamaaj	9297	2
x/lat0706.htm	93	1
xeround	5640	1
xarabank	9714	1
xlqotvsk2wcc	2910	3
xanthelasma	10183	1
xuanhuagang.jpg	3667	1
xythoswf	6123	8593	4
xfactor/a133440/x	1625	2
x-factor2	2257	1
xartcollect	6058	1
xvshoc&pg	3247	1
xkcd.com	1299	6856	20
xchat	6303	1
xt.com	3223	1
xcj0t	443	2
xicocotitlan	524	742	6
xiqouowgdcfcqqhfpidiaw&v	7772	1
xylitol.pdf	4701	1
xenson	5840	6227	2
xianzhi	4982	9427	3
xiii_04-2008	5483	2
xzl5eegpw0mc	1492	1
xvi.php	3008	1
xec6f5cn	928	1
xq0eaaaambaj	1846	1967	3154	9
xdrive	1875	4
xciii	5594	9728	10212	3
xiongnu	2236	5516	6797	8161	8714	8
x9pgrazt-zcc	7967	8671	6
xabz3lf	9842	1
x1584.xml	4117	2
xylopropamin	3881	3
xh6baaaamaaj	10109	2
xfnfnkg6bcac	1889	3
x3odmtfkmmfzbgiwbg1pdancbg9niejvzhkecg9zazqec2vja01lzglhqmxvz0jvzhlbc3nlbwjseq	6591	1
xhemil	367	1
xxxv.15	7765	1
xxxv.48	9011	1
x7n4_i7vrtuc	1584	3
xau5vtvlvu	2488	1
xgb8tp_vesb	6157	1
xulon	3301	3306	7364	8092	8897	5
xenophil	9391	1
xingzong	1926	2
xrn_27_0_cs50525221	24	1
xastanford.org	5437	2
xulgu	841	1
xh.wikipedia.org	105	114	156	264	370	452	469	493	502	575	605	638	660	695	728	811	965	988	1058	1061	1191	1360	1467	1510	1533	1584	1650	1726	1776	1820	1893	2009	2047	2177	2197	2235	2316	2319	2368	2390	2433	2477	2525	2754	2763	2840	2861	2876	2956	3064	3083	3111	3125	3137	3225	3251	3572	3846	3968	4038	4180	4322	4357	4538	4578	4594	4678	4921	4957	5191	5213	5228	5273	5385	5390	5479	5529	5729	5753	5769	5844	5868	5872	6075	6160	6320	6446	6454	6632	6633	6654	6701	6747	6778	6808	7018	7092	7242	7301	7401	7421	7468	7488	7704	7741	7806	7871	7924	7957	8030	8092	8119	8274	8390	8492	8507	8815	8833	8834	8874	9098	9102	9132	9264	9409	9487	9560	9563	9865	9886	9998	10047	10076	149
xenophan	2044	6322	2
xplora	2654	2
xplore	3476	4456	5239	6558	8829	8995	9144	11
xyxueyhqze	8691	1
xve0tpq8c-p40ghk44sjda	8467	3
xbox-360-to	4790	2
xakaya	9719	1
x5soaaaaqaaj	1535	3
xenophon	297	1220	1576	2578	3179	3426	3513	3534	3543	4139	4142	4175	4629	4763	4765	5195	5461	5995	6032	6628	7111	7967	8699	9290	9369	9538	9730	32
xzbit	504	1
xiaop.jpg	6156	6985	2
xerograph	7024	1
xenophob	270	965	2013	2943	3446	3544	5580	6051	6803	7007	7364	7428	8493	9722	14
xmlpath	9433	9509	6
xiaan	7430	1
xorizonti	7701	1
xfinity.comcast.net	2735	7248	2
xubuntu	1206	5
xiant	1926	1
xianh	1926	1
xiang	868	895	1404	1926	2247	2650	3426	4138	5592	5873	6050	6404	6548	8714	9429	9542	29
xiaop	70	905	2147	2454	3334	3859	4128	5404	6071	6156	6863	6985	8518	8560	8823	8900	25
xiaol	1926	2147	4
xiaom	664	5460	6863	9961	4
xiaon	1030	3718	3
xnuala	2963	1
xcircuit	4131	3
xmlresult.aspx	4522	3
xunta	2873	7915	9895	4
xunto	2873	3
xlczldmkcqk	1221	2
xiber	3755	1
x/2007a/070612hoffmannwtc	2572	2
x12553.xml	4360	2
xmain.html	9512	1
xiii-2	487	789	4915	8984	8
xm1216	4125	1
xs4all.nl	1781	4787	9143	4
xibum	5604	1
xx-1977	4484	1
xyv8axldpwcc	2021	3
xumsk	2840	1
xytesuqwfv0	6049	1
xulyaripen	4038	1
x57t6b-wo6kc	4630	3
xyelid	6931	1
xenotranspl	9779	1
xryhcrgnstoc&pg	714	4
xenotransfu	133	1
x3sdaaaaibaj	3329	3
x3vb2iwsaxsc	928	3
xarnaaaamaaj	10109	2
xeptf6	928	2
xvxi1.jpg	8714	2
xylulose-5-phosph	9319	1
xfce/xfwm4/introduct	5652	2
xuanzang	1229	2005	2484	3221	4939	6319	6825	11
xxvii.cvi.287	792	2
xbq-2a_front	789	1
x86-64	1206	8448	2
xiddigi	5390	1
xerophthalmia	7364	10183	3
xianfeng	2532	1
xlv-020611	5626	2
x3odmte2z2ppm3rwbgludgwddxmebgfuzwnlbi11cwrwc3rhawqdbhbzdgnhdamechqd	4883	1
xsampa-3.png	1970	2
x8gjw5bmw2oc	9799	1
xperedon	5694	1
xart.usfca.edu	3986	2
xdlsqbjl0-ic	5889	3
xsj5ilt7stic	9391	3
xxxvii.77	7765	1
xbox&oldid	3884	1
xokdeyxryc&pg	3065	3
xs8syy1vi0c	8419	3
xinhua/2011-03-20/content_2068776.html	5810	4
xbox-360/batman	2621	4020	4
xmain	2438	7544	9
xuhui	8900	1
xbsz4sj-hd9tyg9vccvmjg3o6ii	10045	3
xb600	3678	1
xyzbook	9841	1
xenobiotica	2685	1
xtybaaaayaaj&printsec	3321	3
xtreme	298	654	898	1254	3744	4306	4673	5125	5384	6030	6138	6292	6469	7717	8903	9579	22
xspeynlxj1mc	5846	3
xbox.html	2491	2
xristu	4957	1
xmlui	266	3093	4440	4590	5010	8967	10
xangani	10195	1
xsb5gsi2pzi	3764	1
xanthophaea	2958	1
xalqaro	2902	2986	6757	8503	4
xyykxbmia7ac	9257	2
xuthu	4670	1
xerographi	751	7364	7673	4
xiorro	1208	2
xiphydriida	6931	1
xfyy7mtguh	9512	1
xylulo	9319	1
x8h4wfz8gumc	483	3
xtilaaaayaaj&printsec	2425	1
xsampa-l2.png	1513	2
xsampa-jslash2.png	1513	2
xsampa-u2.png	9142	2
xswitch	8315	1
xlv.19	4320	1
xyxyx	3945	1
xsampa-s2.png	5693	2
xlaw001	1585	4
xecul	265	3
xcover	5889	1
x1000000	349	1
xwomanizerx	8984	1
xanalog	2638	2
xviiith	4275	4982	3
xxi-72	7765	1
xmode	3826	5
xaralaymb	2705	1
xml-20001006	5440	2
x-dma2-popup	6865	1
xv_3684f.jpg	3756	2
xxsrt2yg8	10054	2
x/2008a/080407gurneyvulcan	1887	1
xxanthipp	9756	1
xml&languag	1216	1744	2
xrn_48_0_cs168787813	9542	2
xec6f5c2f3	928	1
xff0t-fyjo2h2axh	121	2217	4
xebitandin	4246	6183	2
xenocrate.htm	7765	1
xyridacea	1473	1992	5371	3
xstat/p5310_01	2024	2
xdwdaaaambaj&pg	1049	8186	6
xuleryyejo0c	1926	3
xmupfk3jw	4623	1
xl1qjkqtc4mc	4040	1
xiongi	1926	1
xviii/4	445	1
xytkbxkrxtlo_ov7	7042	1
xebba	9714	1
xebec	3826	9695	4
xgy1unron-wj6wgl5ogyba	1889	3
xia_24b.jpg	868	2
xt-273	1083	1
xazmt-drnnkxhqesu8ddcq	3543	5995	2
xxxviii.svg	8004	2
xystu	4472	7364	2
x5wwklfb5o4c	9961	2
xcoord	8492	1
xoloitzcuintl	4417	8079	3
xupet	7276	1
xevtxenko	4551	2
xinorix	2963	1
xml_1/internet	6309	1
xenophobia	965	1216	1567	1744	1989	2943	3644	3672	4043	4579	6177	6309	6679	7052	7221	7364	8668	8839	9053	9058	9338	9718	9727	44
xawaash	3282	3
xerolophu	8415	1
xt-400	9557	1
xxglennxx	4151	1
xenochroni	387	3339	3654	6987	6
xi96piqzgdjasz2wzggo3ib8k7	367	1
xecl2	928	4
xylophagida	9183	1
xehkaaaamaaj&q	8691	1
xenohyla	8954	2
xunzi	2522	2698	4274	4578	9730	5
xhrio	5554	1
xfce-4.10	5652	1
xenolinguist	1775	9967	2
xqalfqp7bcc	4	3
xenserv	1206	1
xpg/ercc5	1684	1
xinjiang	868	1122	1723	2241	3816	3842	4982	5846	5863	6653	6833	7952	8518	9638	9763	9961	10192	22
x17online.com	649	8946	3
xmlearn.math.ed.ac.uk	6409	1
xyvbaaaaqaaj&printsec	8271	3
x2iktoulgymx8qo63us4aw	5138	1
xcaret	3331	4397	5719	9786	5
xomqv-8i9r	8413	3
xxchelsea180706/index	7211	2
x6rbo6fd9gqc	3986	3
xfactor	585	2257	2723	4116	4416	4849	5178	6111	6799	7635	8005	8236	10053	40
xudation.html	2638	2
xa9dxrhfa5kc	9609	3
x3odmtfkytznzmzkbg1pdanndxnpyybcbg9nieluzgv4bhbvcwmxbhnlywnnzwrpyujsb2djbmrlea	443	5084	6074	8889	9093	5
xldsrwpz9oyc	775	4
xxx.lanl.gov	138	1
xhume	5314	1
xqqiaqaaiaaj&pg	2739	3
xl9daaaayaaj	8671	3
xhtml	1233	1488	1987	3268	3497	3711	3782	4216	4246	4368	4764	5440	5893	6452	6662	6726	6757	7564	8671	8941	9240	9358	53
xi-2660	8404	1
xfactor/a134141/darl	4412	2
x-esybtwfmkz3vag	4490	2
xcj9crdsyei	210	2654	4
x5yofyrqfoac	6108	8501	6
xylophagomorpha	9183	1
xylomyida	9183	1
xrefer	1547	1
xknttmlfomksjafiobz7ca	5992	3
xsplash	1206	1
xiqin	9399	1
xschap8.pdf	2362	2
xsv0hdfj3loc	2353	2
xsampa-w2.png	5635	2
x/2/108	7891	1
xvxokmtt	4490	2
xrmap.png	8664	1
x-10-6	10096	2
xuanzong	1926	8406	9100	9763	4
xg6aihltyauc	5180	3
xr3xe7nbkz	10109	1
xzxl17mm0gyih80th-v0lr7jvak	9509	1
xesygu'	3543	5995	2
xanthomera	8954	3
xu.pdf	664	2
xeseaaaaibaj&sjid	5748	3
xipho	7364	1
xs5o0bzt4zi	292	1
xeranthemum	8556	2
xqkytmiqse4	244	1
xsampa-1.png	7815	2
xfree86	4140	4188	2
xibraltar	6172	2
xpuhil	3331	5719	9786	3
xexwvhtcuj4c	5158	2
xunantunich09.jpg	5604	2
x978019956102	7452	2
x/11-402-x2010000-eng	4339	2
xabier	3705	5550	2
xscape.jpg	8459	2
xfactor/20100830-13y5c	2495	2
xperia	8	2112	2182	3441	4698	4790	8103	8210	9
xml.coverpage.org	4451	5513	8239	9557	5
xitem	5378	9109	4
xmlqueri	2436	1
xdcnm6ra2vo	2162	1
xtal-1983-3d	3881	1
xanthorrhoea	304	2958	2
xanthan	9779	1
xmlschema	1043	1
xrovat	6776	1
x2rpagz-cc	4490	4
xf-85	290	6911	2
xelovneba	7701	1
xoz0poyf2ykc	10179	3
xw4faaaamaaj	6776	2
xm15-e2	7103	2
xisco	1807	2
xianzhong	4089	1
xenomanianew.blogspot.com	8910	2
xanthou	7364	2
xlapak	3331	5719	9786	3
xanthin	7364	8078	9319	3
xec6f5f	928	1
xanthen	7364	1
xwhueay35qc	8032	1
xayawaan	1570	1
xz0m6-d8iknw9c-edfuzxsmcgl8	6388	3
xylan	7364	1
x_1,x_2,x_3,x_4	2020	1
xylem	606	838	2751	7364	7629	9
xylen	1660	2137	5310	5929	6059	7364	19
xaphoon	540	2728	3
xantolu	9756	1
xoxft6ljnqmj6qh10cwjcw	1889	3
ximen	519	3155	4831	6034	6496	9349	6
ximer	4372	2
xvwxokya	4490	2
ximia	2371	1
xlogicselftaught.html	7220	1
xesybau	5561	1
xochipilli	3144	2
xlendi	9714	1
xx.utf	818	1
xbbz3c4gr0ec	5005	3
xrrf.blogspot.com	2777	1
xary6w_garuzqtlz93tca	3947	1
x48252.xml	4117	2
x4200	5165	1
xcf.html	4456	2
xl.jpg	1206	2
x7d00leacei	9954	2
xf-gwafp7pgc	3008	1
xilla	8062	3
xilin	2362	1
xlggjannpii	633	1
xiii.26	9011	1
x-15-3	2785	1
x-15-1	2785	1
xl.jsp	4790	1
xynda	3543	5995	2
xxv.76	9011	1
xishan	997	10043	2
xquroruyvzmc&pg	2759	3
x3odmtfvcg0cnbnbgludgwddxmebgfuzwnlbi11cwrwc3rhawqdbhbzdgnhdanibg9nbhb0a3nly3rpb25zbhrlc3qd	6074	9093	2
xx.svg	5929	1
xylomelum	606	5578	2
xiong	3141	3936	8016	10226	4
xiangyun	10095	1
xgwlsredt84	9357	1
xfactor.blog.fox.com	8005	2
xindi	1278	5158	8169	13
xindo	3343	1
xinca	265	3536	3
xinai	2147	1
xfm.co.uk	3233	7357	2
xenon.htm	928	7
xinit	8614	1
xingu	3846	1
xingp	1926	1
x86-base	3352	7916	9476	3
xylon	8473	1
xinsi	2950	1
xmsg.org.uk	9195	1
xhl6_xsvkc	5212	3
xfactor.a1.ro	2257	7729	4
xpcgcnzwpvoc&pg	4737	3
xylyl	7364	1
xylyx	1769	1
xqi4aaaamaaj	678	4
xiiie	2438	9541	4
xiii3	5597	10197	2
xulescu	4951	1
xfactortitle.jpg	2257	4416	6799	6
xfievtzj52yc	9794	1
xtjohdsfvq0	2604	2
xorvatca	9098	1
xiuhtecuhtli	1571	3536	4417	8498	9
x_0-a	5449	2
xuanzheng	4982	3
x_0-x	5449	1
x_0-h	5449	1
xiangtan	70	1
xiphophoru	9154	1
xtaushun	4387	2
xigui	6050	9427	9
xtskdvgpqc&pg	8389	3
xqcvllwpwg&featur	6611	3
xfactor/2008	1625	1
xxx.php	3008	1
xfactor.itv.com	1625	2257	2487	4116	4195	4412	4416	6111	7635	9908	106
xcfvuidvj42c9qsryic4cw	2143	3
xi.1972	5421	1
xxxtremely.html	8762	3
xustiza	2873	1
xinjiangoven	4354	5712	2
xframe	3497	1
xijun	6863	1
xsection.jpg	9164	2
xa0lul7rcifmqahrtk28cg	1683	3
xijin	1570	4965	2
xtf.lib.virginia.edu	1061	2061	6653	8093	5
xueta	10048	3
xiaotingia	8029	6
xarnivor	2044	1
xal.wikipedia.org	32	105	114	123	136	148	156	163	243	244	264	265	370	452	453	469	493	497	502	509	531	569	575	605	638	657	660	688	695	701	702	728	737	749	797	811	836	863	876	917	928	941	945	946	948	965	988	1058	1064	1079	1101	1122	1135	1191	1196	1312	1360	1436	1447	1467	1510	1522	1533	1584	1650	1726	1778	1820	1830	1893	1922	1953	2009	2047	2055	2118	2143	2177	2197	2211	2246	2314	2316	2319	2327	2330	2336	2362	2368	2378	2390	2415	2433	2438	2443	2477	2488	2525	2541	2563	2612	2686	2697	2754	2763	2782	2823	2861	2876	2887	2921	2956	3029	3048	3083	3108	3111	3125	3135	3137	3217	3225	3240	3247	3251	3282	3321	3374	3542	3543	3572	3633	3670	3720	3731	3740	3771	3782	3789	3846	3859	3897	3898	3960	3968	3971	4108	4180	4216	4221	4231	4281	4283	4322	4357	4365	4511	4514	4538	4549	4594	4678	4712	4795	4826	4867	4921	4961	4972	4975	4982	5023	5042	5062	5089	5192	5207	5210	5228	5234	5273	5385	5389	5392	5427	5479	5516	5529	5561	5604	5698	5729	5753	5769	5810	5868	5872	5929	5936	5948	5995	6034	6050	6075	6078	6083	6096	6135	6137	6160	6172	6290	6309	6315	6320	6338	6350	6371	6446	6454	6497	6523	6594	6632	6633	6654	6665	6701	6729	6747	6776	6778	6788	6803	6806	6808	6833	6841	6846	6926	6931	6934	6955	6966	7018	7021	7044	7092	7111	7157	7242	7252	7272	7286	7301	7381	7401	7421	7424	7428	7468	7469	7488	7492	7523	7597	7629	7637	7671	7687	7704	7741	7755	7763	7806	7861	7871	7882	7891	7924	7957	7967	8014	8030	8064	8119	8145	8180	8190	8249	8267	8271	8274	8328	8350	8390	8419	8507	8561	8594	8600	8602	8607	8636	8671	8684	8795	8815	8829	8833	8834	8874	8937	9058	9098	9132	9208	9264	9297	9334	9409	9414	9475	9487	9533	9540	9560	9563	9570	9574	9599	9646	9714	9810	9859	9865	9866	9876	9886	9980	10018	10028	10042	10047	10055	10059	10076	10108	10131	10156	10167	10172	10192	10210	368
xbelgium.html	8267	3
xiith	1149	4176	7425	3
xjetaaaaibaj&sjid	5748	3
xeorxa	5495	7597	2
x9uzwiknhck	9976	2
xiuhpohu	930	3019	3694	3991	4162	4437	4527	4534	4826	5641	5913	5931	5987	5998	7126	7506	7531	8782	9022	19
xfoj&sa	628	1
xxwiki	3982	2
xabout	6415	1
xfactor.stb.ua	2257	1
x.asp	8953	1
xyloband	1024	1664	1977	4048	6101	5
xanten.jpg	726	2
x/2010000/chap	9186	2
xianggang	9763	1
x-oerf0cqtm	2731	3661	2
xilitla	7635	1
xcabal.ace.st	7007	2
x&queri	3815	3
xristian	2286	1
xxplosiv	578	5084	9063	4
x9vu69ajtlk	663	2
xarreteira	7217	1
x_2mu	1986	1
xlr-11	8759	1
xidew	3755	1
xuanwu	4153	1
x.com	3678	1
xdanielx	1181	1
xombrero	1233	5893	2
xhnriugz	7689	1
xmlhomelinkpl/0,4022,229724149_257217612_3,00	1339	2
xinyou	2950	1
xey.asp	1024	4
xaejof55hhsc	3008	1
xv-5080	5312	2
xamoterol	3881	1
xlaaxw	9665	1
xii,1	2801	1
xcabal	7007	1
xqceaaaambaj&printsec	5004	2
xstrata	2082	9815	2
xinyao	8303	1
xeometr	1214	1996	2255	2696	3206	5175	6012	9
xdqc1w1lifmc	3266	1
xyijcrgzgq0c	9574	2
xc4naqaamaaj	1243	2
xscape	295	1227	1441	2864	4554	5000	6298	6566	6636	7446	7835	8196	8459	8910	9047	9388	9407	25
xlgtuikrjyiriqey5od4da	6641	6
xufanc	2657	1
xuinfsppc5kc	6914	3
xixianyku	1570	1
xuanzhou	868	6050	2
xkoalax	5512	1
xpedit	723	2362	4757	7021	7967	9766	9859	16
xpedio	3085	8941	9291	5
xenopu&wher	8954	3
xsampa-6.png	6557	2
xsynaaaamaaj	2700	2
x.net	1693	5648	8451	3
xanchest	4157	4
xf_b7	1988	2
xtra.ca	9547	3
xoww453nvqmc	2910	3
xerographica	5094	2
xianglan	6863	1
xp-86	8337	3
xp-80	5312	1
xarita	1021	1
xp-50	5312	1
xialian	2147	1
xelatgir	5168	1
xayla	8823	1
xayma	3083	3771	2
xerophyt	2461	6996	7364	3
xz23abxmud	7465	1
xerophil	1404	9980	2
xx&regioncod	2327	3
xlibrari	452	3619	6719	7301	6
xv.44	10207	1
xgavxhhunygc&dq	2021	3
xiii.50.221	6765	2
x.png	2491	5635	5896	7
xb-1-drawbar	1083	2
xeocronolox	5828	1
xroad.virginia.edu	1097	1165	3674	4748	5014	6729	7528	8311	10213	13
xp9ufagdtw0c	4935	2
x.php	10140	1
xenolog	928	1
xbaru3kzsnac	6594	2
x.pdf	9842	1
x3odmtflnzllymnubg1pdanndxnpyybcbg9nieluzgv4bhbvcwmxnwrzzwmdtwvkawfcbg9nsw5kzxg	443	1
xefptf5	928	1
xzxvw_i2fc	4393	4919	2
xtifr	3850	1
xiangqian	70	1
x.org	240	312	437	1206	1294	2218	2252	3033	3116	3201	4140	4403	4531	4596	5304	5652	6522	6726	7053	7212	7437	8448	8718	8855	9288	26
xperthr	2096	1
xtina	1881	3123	6349	6
xj43lwngaccc	3960	3
xfwuxmcdg94c	3811	2
xlvi-138331374.html	4748	2
x81tyhbyn43	6809	1
xzibit	578	594	1328	1348	2350	2604	4163	4785	4873	5000	5624	6288	6349	7453	8467	8707	9357	9479	27
xeqwokkyn28c	3826	1
xsdbimg	993	7
xefpt2f11	928	1
xenolith	3242	5213	7364	8
xahlee.org	6539	1
xeviou/xeviou2.htm	2533	8745	4
xiv_1.jpg	524	1
xeiiaaaaiaaj&pg	9448	1
xhkpaaaaiaaj	6496	1
x3qe57kbo7ysqpzmvx9cq	8967	1
xrn_60_0_cs50940637	3335	1
x/lxm7/oprah	321	2
x26096.xml	4117	2
xaver	119	751	4271	4279	4511	5742	5866	6118	6384	9216	15
xiph.org	240	312	437	1294	2218	2252	3033	3201	4403	4531	4596	5304	5652	6522	6726	7053	7212	7437	8448	8718	8855	9288	22
xg7oodfp0uo	2340	1
xenophon/x5hu	4175	2
xavin	1215	1
xtravaganzza	7710	1
xml.html	9257	2
xfmeaaaambaj&pg	5036	8524	2
xrn_75_0_cs152791964	3335	1
xam123456	5512	1
xpj0_wqibzoc	8145	2
x48564.xml	4117	2
xanthaeolu	9932	1
xe-129	928	1
xsampa-z2.png	5693	2
x.htm	97	122	145	161	172	173	229	267	287	354	376	384	390	405	509	544	569	609	655	720	800	845	859	879	1015	1024	1065	1127	1195	1328	1411	1443	1467	1479	1484	1494	1577	1601	1611	1661	1664	1686	1875	1901	2021	2058	2115	2120	2245	2266	2280	2349	2363	2366	2383	2414	2470	2506	2572	2579	2622	2640	2664	2752	2781	2785	2815	2891	2992	3128	3162	3203	3225	3236	3246	3260	3302	3441	3471	3562	3610	3619	3659	3704	3750	3789	3824	3829	3832	3846	3872	3969	3975	4000	4078	4122	4136	4145	4147	4177	4179	4226	4291	4360	4456	4522	4526	4537	4703	4747	4748	4764	4861	4883	4973	4995	5251	5289	5298	5354	5369	5393	5394	5540	5554	5593	5602	5612	5626	5646	5755	5875	5882	5978	5996	6036	6212	6288	6309	6318	6349	6377	6453	6489	6500	6603	6688	6693	6708	6709	6719	6787	6800	6816	6875	6886	6916	6930	6941	7046	7092	7229	7250	7312	7357	7367	7429	7693	7817	7838	7865	7946	8009	8060	8064	8124	8242	8250	8372	8515	8591	8647	8715	8796	8807	8849	8894	8897	8913	8932	8939	8980	9033	9269	9287	9370	9449	9488	9512	9514	9562	9656	9660	9718	9735	9755	9817	9826	9882	9945	9948	9968	9982	10108	539
xxcvaaaaiaaj&pg	6075	3
xl_19103.html	4790	4
xs4all	236	2473	6865	9019	6
xylo	386	9319	10163	3
xperienc	9064	9790	10181	6
xjaxieeaaaaj&hl	5212	1
xian'an	1926	1
x7ov-mvpjz0c	1579	1
xodp.asp	10072	1
xorcist	7857	1
xl-15527.html	4790	1
xipwir	3727	1
xarleston	2052	7941	2
xylana	7629	2
xyland	2353	1
xorvatiya	6776	3
x-unzu2r6xcc	9308	1
xiyeaaaambaj&pg	6157	1
xylogirl07	9823	1
xxxvi	1449	2349	2404	2563	2664	5217	5253	5384	6149	7248	7765	8004	8660	9297	10017	10038	10100	31
xenopol	8064	1
xxxxv	6149	1
xxxxx	2657	2
xec6f5cf3	928	1
xxxxi	6149	1
xiudaaaaqaaj	3672	1
xviii-10	2043	1
xyzmovi	9841	1
xpqjocrljzm	2815	2
xxxii	93	123	863	1029	1206	1449	1895	2709	2818	3674	4672	5384	6069	6149	6287	7248	7765	7778	8004	8660	8955	9598	25
x11.app	1233	3352	3951	3
xxxix	1065	1328	1449	1787	2664	3373	5384	5990	6149	7248	7968	8004	8230	8660	9216	9558	9826	22
xraeaaaambaj&lpg	1411	3
xxxiv	274	1228	1449	1895	3761	5022	5384	6149	6349	7246	7248	7765	8004	8092	8955	9448	9598	9613	10017	10118	32
xcfpl5svwhqc	9668	3
xuddqqa8flwc	4242	7425	7541	9904	11
xaimara	2803	1
xceler	150	3247	6071	6806	9755	9
xjamrastafir	8677	1
xbox360.ign.com	52	2
x06nbdekaomc	2246	3
xianghua	6050	1
xcitement	8903	8917	3
x0.48	6777	1
x.jpg	7496	9006	4
xucdifu6yxac	2685	3
xarop	5929	1
xsampa-g2.png	5635	2
xkohwfzz1akc	3543	5995	6
xunspecifi	15	46	63	217	436	536	980	995	1359	1443	1487	1749	2275	2299	2793	2810	2832	2893	3248	3538	3555	3662	3773	3839	4297	4332	4344	4402	4406	4548	4592	5178	5398	5977	5997	6036	6074	6239	6433	6434	6437	6500	6549	7206	7710	7858	7989	8007	8008	8108	8196	8254	8297	8355	8422	8447	8508	8665	8707	8869	8989	9252	9320	9327	9376	9425	9623	9651	9718	9877	9903	10202	73
xxvii	170	1079	1398	1449	1566	2536	2801	2818	3046	3642	3826	4673	5384	5688	6024	6149	6497	6951	6996	7046	7248	7263	7425	7763	8004	8056	8613	8660	8685	8823	8829	8884	8901	10123	49
xarxa	3858	1
xwei	868	1
xyctohqk6nc	6111	2
xxxvii	390	1405	1449	1851	2189	2563	2572	2963	3909	4763	5038	5384	5775	6149	7248	7367	7765	8004	8092	8380	8660	8804	9011	9544	10017	10118	30
xchristina	6349	1
xn8naaaaibaj	5041	3
xyceaaaaibaj&pg	5748	3
xvie	7967	1
xvii	93	123	158	179	246	260	309	408	519	569	676	678	782	873	945	970	1054	1065	1243	1434	1449	1524	1566	1623	2143	2343	2358	2698	2801	2818	2866	3155	3194	3208	3275	3392	3395	3444	3613	3642	3818	3825	3870	3995	4066	4162	4191	4228	4316	4323	4544	4750	4763	4875	5067	5081	5150	5173	5212	5222	5384	5662	5706	5719	5800	5913	5952	5956	6024	6027	6105	6149	6231	6274	6356	6438	6445	6511	6728	6809	7084	7248	7292	7428	7435	7506	7540	7598	7751	8004	8037	8092	8168	8419	8579	8636	8660	8678	8884	9045	9413	9496	9541	9735	9860	10017	135
xareb	1770	8808	2
xvol	8560	1
xx14	2521	1
xuto	2967	4441	9601	3
x1w8qtxgfi	979	1
x_1,x_2	3126	3170	9799	6
xuxa	8527	9027	9
xsi6qcqpjgkc	9723	3
xkrzu.svg	9842	3
x9gra0fwpdmc	8579	1
xuda	7368	1
x8yv0sj4_1yc	6445	1
xdeviantx	6000	1
xnqhe	2340	1
xudo	4730	1
xfactor/a97366/holli	4416	2
xuit	5945	1
xx_uip5lgo8c	3860	1
xulu	6024	1
xult	7187	1
xylorycta	1159	3054	7792	3
xuni	6071	6980	9755	3
xuqe	2069	1
xmplai	278	1
xe2f3ptf6	928	1
xenocid	9794	1
xatra	5896	2
xxxx	408	3752	5929	7010	7435	8516	9
x3l-d9i9bomc	5696	3
xfile	1472	2478	4508	4617	6846	13
xtrac	7757	1
xmlservei	544	1339	9363	10
xxxxii	6149	1
xxxxiv	6149	1
x.thompson	6882	1
xxtea	1181	2
x/307137	4849	7250	4
xfire	7134	8623	3
xbox_360_whit	9836	1
xxhj	4484	2
xixth	797	1
xxie	4630	1
xxii	308	374	472	1065	1347	1449	1524	1672	1780	1822	2061	2174	2771	3391	3667	3738	4062	4110	4316	4699	5222	5384	5719	5800	6149	6231	6276	6511	7070	7084	7248	7252	7328	8004	8092	8492	8660	8867	9975	47
xxix	842	867	1449	2818	2958	3651	4135	4279	4389	4556	4905	5384	5981	6024	6149	6923	7248	7694	8004	8183	8354	8503	8660	8673	8685	9212	9227	9566	38
xxiv	274	390	1328	1339	1449	1524	2186	2189	2536	3432	3449	3738	4279	4511	4673	4999	5150	5217	5384	5602	5641	5719	5800	6149	6231	6797	7248	8004	8056	8478	8660	8867	9045	9053	9365	9637	10017	54
xxxv	782	1285	1449	3129	3704	5384	6149	6923	7248	7368	7690	7765	8004	8092	8354	8505	8660	8804	34
xxxi	317	701	1018	1449	3826	3898	4389	4886	5384	6149	7248	8004	8582	8660	9056	9102	9509	9598	10017	26
xxvi	792	793	965	1449	1895	2189	2536	2818	3046	4026	4316	4375	4673	5384	6149	6511	6951	7248	7427	8004	8056	8660	8867	8955	9598	9730	10017	10154	10208	40
xplicitplayer.com	2396	1
xxth	1770	3373	4153	8808	9558	5
xalapa.jpg	6920	2
xxxii/11.09.01/ae/p13britney.html	7250	2
xc800	3245	1
xeromphalina	290	602	6911	24
xastu	5896	1
x.y.g	564	1
xsampa-j2.png	1513	2
xml/2008/00000002	2436	1
xjkw1mxvl6xs-gij0toposfza9	1998	1
xewkija	9714	2
xizhi	6050	7645	9427	8
xarchako	9988	2
x98qcnz8fz0	8691	1
x5he5x2382ic	3651	3
xibenolol	3881	1
xvolsona_pari1900.jpg	1779	1
xiular	5430	1
xiomara	2803	1
xornalismo	7156	1
xk2aaaaqaaj	5212	3
xizai	1076	4654	5158	8714	4
xeqkic	569	2
xenacanthida	5510	1
xanthocephalu	3094	2
xanthocephala	2862	3634	5475	9928	10
xerochrysum	290	6911	8556	65
xk90tzf9lywn8qptvksvca	10025	1
xanth	7364	8485	2
xanto	4834	1
xroc	1547	1
xanga	6174	6402	2
xrml	3033	1
xania	4445	5801	6495	17
xanic	543	1
xhejaaaaibaj&sjid	1449	3
xiwen	8714	2
xip.html	4760	2
xmldoc	4522	3
xg4eaaaambaj	52	94	9
xwikicloud	579	1
xref	1547	5772	5929	6726	7
xhavnak	1769	1
xanax	4262	5298	9269	7
xric	1547	1
xrco	2755	3793	2
xk5eadzuq0c	3990	6
xrn_4_0_cs135443768	24	1
xrai	4783	6082	6759	4
xivth	1075	3172	4975	7343	9406	6
xqmscb	7690	2
xvii,162	6083	1
xvhotkf3fksc	1243	1
xamsi	3819	9311	2
xamsa	531	5207	2
xpcegqpwaio	6395	6744	4
xutlandia	482	2
xampp	2285	6726	7623	4
xe4yexl7tnkj	9687	1
x8.xml	4117	2
xamax	2296	3706	4976	5660	6979	7180	57
xaman	9786	1
xs-1	894	8337	4
xmlhttprequest	3497	5483	2
xiuhp	4162	1
xuan	706	1723	1908	1926	3269	6356	6863	8016	8326	8474	8582	8714	9429	9961	24
xe.html	928	1
xixvet	4239	1
xtampak	4417	1
xrn_2_0_cs16919170	24	1
xiufu	9429	1
xapon	10210	1
xampp.bat	2285	1
xtvt	2246	2
xtvl	7882	1
xtsy	6865	1
x2882.xml	8715	2
xtra	1030	1400	1625	1640	1866	2257	2337	2414	2495	2723	3255	3306	4116	4195	4219	4412	4416	4701	5178	5398	5549	5583	5612	5619	5682	5721	5912	6111	6210	6421	6799	6865	7635	7860	8117	8348	9093	9170	9562	9908	9968	139
xtor	2419	6
xjaqa-oseq0c	4902	3
xylophonist	386	1
x34.xml	4117	2
xtip	1226	1
xitoi	6050	1
xtep	2248	3843	8742	3
xtea	1181	4
xtal	1684	5929	2
xtai	9707	1
xtax	9707	1
xmaci.php	126	544	1049	1583	1644	2757	2981	3130	3249	3640	3761	4050	4291	4845	5257	5590	5953	6212	7755	8145	8186	8357	9173	9584	9971	51
xsux	4572	7083	2
xxclusiv	6298	1
xvapen02/vypocti	9707	1
xsql	3881	1
xhumexhum	5314	1
xslt	2638	3497	5574	4
xoclcnum	3582	1
xmgbaaaayaaj&pg	3400	1
x.svg	5896	5929	6599	5
xdvkz6ii1yc	4242	3
xxxperienc	1800	2693	3851	6763	8
xsan	1233	1488	3352	3951	6816	7999	8372	9476	10134	14
xisbn.worldcat.org	3582	1
xlvi	217	374	1172	1449	1528	2203	2353	2932	4586	4703	4748	4883	5384	5620	5626	5718	5882	6728	7248	7456	7717	7946	8004	8493	9554	9613	9923	43
xlsm	2145	4
xvi&oldid	1065	3753	2
xiaomi	2182	4
xener	6123	8593	2
xmag	1228	3
xmal	8551	1
xwcwc1_symi	3675	1
xenia	5953	6116	6133	7364	5
xenat	928	1
xt62tpcabiwesgla7j3vaw	7772	3
xmit	5929	1
xiaoyu	4961	1
xlab.berkeley.edu	2449	2915	7464	3
xo-1	5803	1
xiaoxu	2950	1
xugaoh	9429	1
xemnu	1002	7863	8
xiaozi	6756	1
xv6tghvo0omc	1015	4227	8210	8
xmen	3203	2
xmdf	3961	1
xjubier.free.fr	2992	6
xsfwz9df70	9512	3
xmpp	240	312	437	664	1294	2218	2252	3033	3201	4221	4403	4531	4596	5304	5652	6522	6726	7053	7212	7437	8448	8718	8855	9288	24
xmla	8941	1
xmln	3497	7
xmm2	278	3951	2
xhduaaaamaaj	9297	2
xacml.html	9557	1
xce-grzp4swc	10167	3
xemec	1339	2
xemac	4140	7024	5
x-12-arima	3594	1
xperiment	3532	7001	2
xella	7322	2
xhnbaaaaiaaj&pg	225	3
x2137.xml	4117	2
xelha	3331	5719	9786	3
xeltu	3786	1
xiaobo	526	2454	3078	4320	6034	9735	9755	8
xyloto	879	1024	1213	1542	1664	1846	1967	1977	2104	2320	2363	3154	4048	4811	5139	5912	6101	6102	7828	8160	9554	60
xuande1	1926	1
xok3eiuw9vgc	122	4
xobc	4196	2
xiancavalryman.jpg	524	1
xodp	406	663	5769	6778	10072	6
x3x4o	8339	1
xaverianen	1634	1
xpuvqtdfjyac&pg	10109	3
xogo	2814	1
xone	8681	3
xona	3518	1
xq28	5770	1
xoli	8798	2
xolt	7440	1
xojz	1683	3
xeroxparc.png	7944	2
xyeloidea	6931	1
xorn	6348	1
xorg	5652	1
xora	5896	1
xmlhtml/20070828-85196	9257	2
xxydaaaaibaj&pg	2356	3162	4537	4861	6930	15
xoom	4246	1
xoon	2030	1
xose	1192	9074	3
xoxo	2622	4857	8002	4
xgzkzoh9vawc	121	2217	4
xenon&oldid	928	1
x-id977	10131	1
xanthomelum	2213	1
xgame.espn.go.com	9531	2
xpcc	9763	1
xpcd	9877	1
xeof5	928	1
xeof4	928	4
xeof2	928	2
xeof3	928	1
xpeo	4572	7083	2
xry	897	9966	2
xt6	2371	1
xri	5240	7535	9778	13
xrd	9839	1
xh-273	1083	1
xpid	2438	7544	9
xtm	9903	1
xtr	1181	3862	2
xv3	5597	10197	2
xtc	1127	1224	1492	2664	3092	3122	3588	4422	4718	5375	5874	6024	6138	7251	15
xtf	678	928	1061	2061	6653	8093	12
xth	6891	8677	3
xsl	408	1181	3497	7435	7927	7
xenio	3230	1
xss	664	5165	5483	6726	7
xenix	5652	8393	8448	3
xsd	1680	8941	3
xalan	2899	7623	2
xsi	5652	1
xnu	1233	1488	3352	3951	4
xno	8229	9541	6
xna	133	951	2198	4963	5306	5583	5596	6872	7108	8393	11
xmx	1181	2
xmu	5232	8290	9714	3
xmm	278	3951	2
xmp	8941	2
xml	42	89	151	216	360	370	408	420	516	543	569	703	720	776	777	790	820	863	894	927	972	1018	1043	1064	1169	1216	1233	1284	1367	1400	1461	1642	1686	1691	1717	1744	1859	1884	1951	2043	2060	2078	2093	2140	2192	2252	2269	2270	2285	2289	2349	2395	2437	2487	2491	2513	2590	2619	2638	2657	2664	2689	2690	2701	2736	2779	2782	2890	2911	2924	2935	2941	2981	2986	3003	3113	3203	3218	3246	3272	3302	3351	3497	3501	3604	3619	3640	3791	3837	3867	3892	3951	3961	3969	3982	4050	4057	4163	4174	4237	4238	4273	4287	4317	4320	4549	4646	4713	4961	4989	5127	5143	5203	5291	5440	5446	5494	5509	5513	5572	5574	5596	5624	5642	5664	5674	5678	5721	5835	5837	5893	5979	5987	6028	6054	6125	6169	6174	6207	6256	6326	6356	6364	6390	6452	6473	6494	6544	6614	6709	6719	6726	6787	6792	6816	6818	6889	6936	7010	7034	7045	7084	7103	7251	7330	7411	7435	7536	7564	7633	7810	7984	8003	8009	8011	8033	8162	8239	8250	8372	8463	8465	8471	8587	8783	8807	8895	8941	8980	8990	9130	9355	9377	9381	9457	9476	9563	9672	9755	9778	9809	9819	9837	9843	9859	9918	9982	10072	10185	732
xmf	105	114	156	264	370	469	493	502	575	605	660	695	728	811	988	1058	1191	1360	1467	1510	1533	1650	1726	1820	1893	2009	2047	2177	2197	2316	2319	2368	2390	2433	2477	2763	2861	2956	3125	3137	3225	3251	3572	4180	4322	4357	4538	4594	4678	4921	5228	5273	5385	5479	5529	5769	5868	5872	6160	6320	6446	6454	6632	6633	6654	6747	6778	6808	7018	7092	7242	7401	7421	7468	7488	7704	7741	7806	7871	7924	7957	8030	8119	8274	8390	8507	8815	8833	8834	8874	9098	9132	9264	9409	9487	9560	9865	10076	102
xenon	57	140	266	290	928	1181	1679	2331	2840	3374	3670	3881	4383	4760	5196	5929	6035	6701	6911	7055	7352	7364	8759	9494	9623	10137	395
xma	254	737	1221	1328	3017	3113	3200	3356	3930	4327	4416	4592	4695	4774	4957	5111	5748	5929	7758	7760	7858	9295	9913	10141	10182	42
xlv	50	374	1103	1449	1618	2353	3704	5384	5620	5626	5801	5939	6349	6825	7248	8004	8005	8467	8657	8897	9049	9613	10112	25
xpr	7303	2
xr2	1800	3851	6763	3
xr8	5464	1
xpi	761	5764	5
xpo	4999	6869	2
xpm	2404	1
xpl	96	431	615	1379	1569	3245	4672	5411	5494	5557	6558	8002	8537	9144	9468	27
xpb	1684	1
xpc	1684	1
xpa	1684	1
xpf	10028	1
xox	2482	1
xop	6385	1
xoo	9231	1
xmnlrvwgnxu	4108	2
xor	5929	6718	9468	5
xot	4308	2
xou	9027	4
xoi	10018	2
xoc	1240	2160	3254	7440	9776	6
xenna	3282	1
xprn	346	1
xzz	9799	1
xyp	847	1
xyl	9673	2
xyx	7627	1
xyz	3301	4721	5137	5325	5549	6356	7065	7358	8481	8678	9542	9799	17
xpto	2236	1
xiyuan	8582	1
xxxvi.24	9011	1
xvm	2252	5640	8448	3
xvi	93	123	132	158	196	260	308	311	519	661	678	697	782	794	840	997	1054	1065	1196	1243	1269	1449	1524	1527	1548	1566	1576	1602	1623	1635	1692	1716	1836	2143	2264	2269	2343	2353	2447	2596	2818	2867	3003	3155	3179	3275	3392	3395	3642	3753	3786	3826	3846	3870	3929	3995	4228	4279	4287	4297	4511	4612	4653	4766	4957	5038	5125	5150	5222	5235	5305	5384	5580	5597	5616	5719	5739	5800	5830	5902	5917	5952	6051	6105	6149	6231	6287	6414	6662	6794	6797	6926	7173	7179	7248	7309	7343	7506	7540	7550	7640	7759	7861	8004	8064	8092	8201	8304	8381	8463	8479	8660	8671	8727	8830	8884	8922	9023	9045	9163	9363	9524	9542	9554	9592	9695	9714	9776	9824	9847	9860	9876	10017	10028	10059	10095	10100	10183	10197	623
xve	7884	9541	4
xul	3331	3497	7364	7531	7977	9980	19
xue	2165	5115	6071	8215	9029	5
xuc	5039	8021	2
xux	367	3208	5
xup	3497	1
xuo	7364	1
xun	452	835	868	1836	1926	3247	3519	4242	4279	4320	5158	6050	7301	8663	8900	9427	20
xxi	32	123	260	265	374	697	799	1065	1095	1240	1434	1447	1449	1524	1656	1770	1780	1930	2055	2174	2739	2818	2843	3014	3275	3295	3391	3451	3543	3655	3688	4025	4026	4313	4818	5222	5384	5651	5800	5846	5995	6024	6137	6149	6231	6309	6314	6504	7053	7248	7260	7588	7925	7939	8004	8064	8092	8487	8594	8660	8802	8808	8901	9056	9069	9102	9429	9563	9609	9943	9980	85
xxl	27	504	578	622	943	974	1113	1225	1328	1767	1804	1861	1934	2156	2219	2350	2501	2815	3354	3402	3415	3713	4177	4794	4998	5178	5718	5904	5978	6124	6298	6356	6950	7046	7304	7695	7838	8009	8358	8442	8467	8508	8657	9047	9162	9395	9733	9790	10138	99
xxo	2482	2
xxb	2537	1
xxe	531	3929	5207	6668	7343	9806	6
xxy	3192	1
xxx	93	416	504	524	582	842	886	1218	1449	1478	1618	1770	1895	1897	1969	2327	2353	2818	3401	3752	3826	4182	4287	4316	4640	5384	5389	5678	5788	5929	6149	6287	6414	6451	6511	6651	6722	6725	6853	6941	7111	7124	7248	8004	8340	8489	8516	8660	8685	8808	8917	8955	9304	9598	9622	9623	9995	10017	72
xxv	311	390	792	859	1347	1449	1535	1656	1822	1895	2213	2536	2801	3046	3329	4389	4673	4973	5150	5266	5298	5384	5641	5775	5788	5830	5913	6137	6149	6594	6730	7248	7539	7772	7848	7991	8004	8056	8478	8660	8897	8955	9045	9269	9541	9598	9609	9723	10017	10208	69
xwa	2211	8903	2
xhd	895	1
x/eng0832.htm	792	1
xhi	10055	3
xsampa-n2.png	5635	2
xgp	3441	4790	7024	3
xmcgstzpzooc&pg	2572	3
xgm	9414	2
xgh	7627	1
xfr	7910	1
xfn	3218	1
xfw	434	1
xfd	2963	8995	2
xff	89	7999	9060	4
xfi	806	1
xavier	71	119	121	150	321	438	609	701	792	1065	1076	1339	1346	1347	1444	1446	1453	1499	1545	1567	1645	1663	1746	1830	1880	1930	2010	2012	2083	2139	2151	2217	2282	2415	2425	2498	2500	2501	2535	2536	2632	2672	2730	2731	2744	2759	2790	2877	2915	2927	2981	2992	3046	3179	3558	3640	3661	3859	3879	3967	3974	4044	4050	4083	4133	4137	4281	4328	4374	4507	4673	4821	4999	5074	5184	5257	5359	5406	5411	5437	5473	5590	5639	5678	5742	5743	5773	5813	5938	5969	5974	6070	6116	6118	6348	6349	6384	6392	6402	6445	6489	6594	6650	6713	6882	6890	7193	7260	7405	7427	7464	7481	7503	7593	7608	7651	7837	7884	7935	8040	8056	8067	8128	8359	8429	8442	8485	8533	8537	8559	8600	8695	8967	8994	9028	9118	9195	9226	9295	9299	9362	9385	9419	9440	9517	9545	9660	9816	9963	10043	10060	10087	211
xfl	172	588	1345	2932	3855	5626	6379	6444	7590	8004	9481	14
xfm	199	387	1039	1200	3233	3613	5689	7357	9386	9578	9777	10105	33
xen	928	1206	1379	3939	5034	5198	9349	14
xer	2563	4659	7364	3
xev	2074	1
xex	1524	6231	2
xed	6282	1
xef	928	5
xdp	10061	1
xf7	6089	1
xn4	2215	2236	2
xlr	1209	1215	1984	9309	9385	8
xli	501	1026	1449	2640	3650	4078	4389	4456	5384	5788	7248	7312	8004	8092	8782	9613	9795	9971	24
xld	3501	1
xml/mss1547.xml	8536	1
xhtv	703	5239	7108	9562	9968	5
xm8	5138	4
xm2	3200	2
xl5	1865	4
xk3	1083	1
xit	867	2
xiu	129	4157	8331	8714	9429	9654	14
xiv	10	73	93	127	163	230	246	260	325	334	390	414	524	526	723	782	842	1051	1054	1061	1065	1134	1149	1196	1320	1449	1524	1534	1566	1569	1570	1602	1623	1656	1673	1723	1770	1895	1930	1981	1985	2143	2404	2426	2528	2536	2725	2865	2890	2891	2935	2936	3122	3155	3230	3267	3275	3373	3395	3432	3454	3475	3491	3672	3694	3776	3792	3971	4025	4062	4093	4110	4284	4316	4659	4699	4709	4765	4924	4939	4957	4973	5150	5153	5254	5384	5597	5662	5696	5702	5705	5719	5742	5775	5789	5800	5874	5952	5956	5984	5990	6071	6096	6105	6126	6149	6231	6274	6276	6287	6496	6511	6594	6785	6797	6831	6903	6926	6985	7007	7008	7129	7173	7248	7343	7374	7423	7456	7465	7512	7541	7640	8004	8020	8055	8056	8152	8226	8291	8316	8403	8457	8479	8481	8485	8492	8660	8663	8678	8808	8914	8929	8955	9019	9045	9106	9178	9216	9251	9308	9524	9541	9558	9598	9682	9695	9712	9723	10015	10027	10028	10096	10160	10163	10167	10197	10208	252
xix	18	70	93	121	170	230	260	309	367	375	390	1065	1067	1122	1208	1439	1449	1524	1535	1566	1902	2143	2217	2355	2663	2742	2801	2818	2831	3111	3155	3179	3208	3329	3341	3391	3395	3442	3580	3772	3782	3846	3870	3929	4153	4228	4239	4545	4630	4709	5081	5236	5384	5437	5641	5719	5775	5800	5887	5952	5956	6116	6149	6231	6287	6745	6833	7001	7154	7248	7262	7343	7506	7512	7626	8004	8056	8419	8478	8481	8582	8611	8660	8692	8917	8948	9072	9363	9664	9786	10017	10155	148
xii	68	93	158	184	260	274	290	519	524	608	678	742	809	1025	1065	1196	1252	1386	1414	1449	1494	1524	1527	1566	1570	1587	1623	1770	1784	1822	1851	2143	2151	2186	2358	2425	2536	2605	2771	2814	2815	2862	2929	2936	2960	3001	3003	3016	3026	3097	3155	3206	3208	3221	3275	3329	3391	3395	3402	3432	3513	3678	3753	3786	3789	3826	3986	4128	4138	4162	4168	4228	4287	4300	4384	4417	4522	4629	4730	4763	4915	4947	4957	4967	5027	5150	5175	5221	5260	5351	5384	5478	5597	5696	5700	5719	5748	5775	5789	5800	5899	5952	5956	6024	6105	6149	6231	6274	6287	6414	6496	6594	6745	6841	6888	6911	6923	6985	6990	7001	7042	7090	7176	7246	7248	7312	7374	7424	7507	7597	7629	7701	7742	7778	7861	7892	8004	8056	8127	8183	8197	8560	8573	8588	8660	8752	8802	8808	8818	8823	8903	9045	9251	9266	9309	9402	9486	9496	9542	9544	9565	9609	9687	9730	9739	9746	9843	10017	10059	10108	10197	10207	10210	294
xip	4760	2
xk2	349	1
xio	3396	4279	8953	3
xin	835	1286	2147	2247	2368	2882	2950	3422	4088	4283	4405	5460	6050	6213	6404	6919	7262	7502	8350	8714	9427	9429	9694	9707	33
xid	769	777	783	965	1056	1176	1258	1405	1643	2305	2472	2827	3467	3610	3829	4108	4136	4327	4541	4663	5028	5084	5154	5831	5850	5882	5904	5975	6021	6544	6621	7205	7393	7462	7607	8894	9047	9086	10112	111
xia	868	3490	4089	5516	6050	6404	6734	6745	7789	8406	8782	9349	9429	24
xie	762	868	895	1196	1610	1926	2147	2362	3542	3805	4242	4982	6018	6384	6809	8714	9294	23
xhr	3633	3
x_2	615	886	1986	1990	2255	3860	5861	6108	6261	6578	6627	7634	8501	8530	55
x_1	196	349	615	886	1546	1891	1985	1986	1990	2255	3009	3582	4309	5861	6108	6261	6578	6627	7634	8265	8501	8530	9799	134
x_0	1986	1990	4309	5449	6409	6578	7634	8102	30
x_3	615	3582	5861	6108	8501	8
xcx	6356	8862	4
xe2	928	2
xcp	42	1
xcm	8853	3
xdf	3310	6
xdc	8198	1
xda	4246	1
xbt	236	1
xburningal	1600	1
xbl	3497	1
xcd	148	876	1064	2697	3770	5779	7286	7687	8
xcf	1546	3554	3781	4456	5657	6
xau	6512	1
xal	105	114	156	264	370	469	493	502	575	605	660	695	728	811	988	1058	1191	1360	1467	1510	1533	1650	1726	1820	1893	2009	2047	2177	2197	2316	2319	2368	2390	2433	2477	2763	2861	2876	2956	2986	3125	3137	3225	3251	3572	4180	4322	4357	4538	4594	4678	4921	5228	5273	5385	5479	5529	5769	5868	5872	6160	6320	6446	6454	6632	6633	6654	6747	6778	6808	7018	7092	7242	7401	7421	7468	7488	7704	7741	7806	7871	7924	7957	8030	8119	8274	8390	8507	8815	8833	8834	8874	9098	9132	9264	9409	9487	9560	9865	10076	104
xai	868	1
xao	563	1
xap	2899	7623	9227	10210	8
xam	820	1061	6078	9139	9998	7
xan	1304	3113	3727	4231	4764	4788	5896	7882	8328	9189	9418	9623	9699	9777	20
xipc54lrn8	5255	5318	2
xad	5896	1
xaf	2612	1
xk-1	1083	1
xiii	38	93	260	290	519	524	782	792	793	841	842	951	970	1065	1090	1196	1449	1524	1566	1602	1623	1653	1671	1673	1770	1822	1933	2021	2143	2165	2234	2327	2343	2536	2571	2596	2808	2873	2888	2891	2960	3003	3042	3061	3064	3155	3168	3179	3206	3275	3395	3432	3433	3454	3633	3740	3782	3786	3831	3881	3884	3986	4138	4162	4163	4203	4287	4292	4313	4359	4544	4552	4652	4763	4875	4915	4916	4957	5067	5171	5175	5198	5299	5384	5483	5641	5678	5719	5772	5775	5800	5881	5885	5887	5952	5956	5990	6040	6051	6149	6178	6208	6231	6242	6274	6496	6514	6548	6765	6794	6803	6911	6985	7126	7176	7246	7248	7343	7371	7506	7597	7629	7701	7765	7783	7861	8004	8093	8183	8226	8354	8457	8479	8582	8586	8607	8660	8699	8725	8802	8808	8823	8901	8984	9056	9102	9178	9251	9381	9388	9413	9542	9545	9565	9573	9707	9735	9739	9843	9895	10017	10019	10028	10038	10167	10185	10197	235
xiir	7765	2
xije	1926	2
xvi-412967.html	1065	2
xich	290	6911	2
xian	721	868	1515	1702	1707	1926	2445	2769	4776	4996	5929	6050	6863	7055	9349	9429	10203	38
xiao	129	438	1844	1926	1947	2410	2825	3295	3490	3522	3881	4301	4405	4818	4973	5158	5767	6186	6258	7629	8663	8714	8948	9130	9362	9707	10160	10213	46
xiak	8331	1
xiah	9210	9366	9694	7
xibe	2216	6404	4
xosaaaaibaj&sjid	5748	3
xxxviii	126	203	360	782	1392	1449	1811	2168	2383	2818	2965	3704	3826	4316	4389	4480	4646	5384	5755	5775	5976	6149	6511	7248	7299	7566	7756	7838	8004	8660	8681	8849	9033	9296	9531	10017	83
xvii7-2.html	2358	2
xizu	1926	2
xish	1769	1
xive	9541	1
xivi	8132	1
xjmaaaaaqaaj&pg	6548	1
xiva	1207	1
xipr	7967	3
xiph	3951	7364	2
xipe	3536	9349	2
xion	5929	8953	4
xiri	3719	9758	2
xiqu	2281	1
xk3c	1083	2
xile	2143	2
xk/2	349	1
xinx	4899	1
xiny	1926	1
xine	3859	3951	9763	3
xing	278	664	703	1070	1373	1536	1691	1787	2292	2764	2825	2858	2948	2950	2997	3208	3824	3940	4192	4242	4569	4628	4771	4965	6174	6863	6875	6893	6978	7255	7272	7673	8029	8318	8336	8582	9122	9349	9429	9467	9562	9722	9815	67
ximb	7837	3
ximi	2840	1
x59	6665	1
x57	2686	1
x58	5929	1
x55	484	1
x56	948	1
x53	7044	1
x54	5023	1
x51	8937	1
x52	6290	1
x3m	7278	1
x50	9646	1
x3d	4094	1
x66	6523	1
x67	6315	1
x68	7671	1
x69	2330	1
x62	10172	1
x63	3240	1
x64	8561	1
x65	5042	1
x61	8180	1
x4e	917	1
x4d	6966	1
x4f	136	1
x4a	8684	1
x4c	5210	1
x4b	9334	1
x79	6665	1
x77	2686	1
x78	5929	1
x71	8937	1
x72	6290	1
x70	9646	1
x75	484	1
x76	948	1
x73	7044	1
x74	5023	1
x5a	32	1
x86	1206	1248	2533	4246	5652	5814	8448	17
x6f	136	1
x6a	8684	1
x6c	5210	1
x6b	9334	1
x6e	917	1
x6d	6966	1
x7a	32	1
xenarthra	8948	1
xjam	9067	1
x-1	290	764	894	1278	2557	3412	5308	6911	8337	32
x-2	290	4915	6402	6911	7507	9251	9
x-3	2557	1
x-9	7669	1
x-6	4760	1
x-5	2785	6113	2
x.0	5440	1
x.1	2366	1
xou_nd9jjf0c	5378	2
x/2	3343	1
x.y	4672	1
x10	1765	2521	2552	3651	4
x16	1765	6214	6
x17	6885	7250	2
x12	3378	6461	2
x11	240	818	1294	5304	7437	12
x14	6214	1
x21	6885	1
x28	349	1
x26	6885	1
xxiii	28	290	519	723	1065	1449	1524	1771	1822	2563	3667	3803	3860	3947	3974	4128	4274	4287	4659	4904	5150	5217	5222	5384	5435	5719	5800	6105	6149	6202	6231	6356	6642	6667	6757	6797	6847	6911	6923	7090	7176	7248	7328	8004	8267	8478	8503	8654	8660	8684	8823	8947	9045	9401	9448	9505	9541	9682	9931	10017	10185	109
xxiij	8684	1
x32	6885	1
x2i	1986	3
x43	3240	1
x42	10172	1
x41	8180	1
x47	6315	1
x46	6523	1
x45	5042	1
x44	8561	1
x49	2330	1
x48	7671	1
x,0	886	3
x,3	4763	1
x&y	879	1024	1213	1664	1833	1977	2109	2317	2349	4048	4265	5139	6101	9476	10000	34
x'd	531	3712	5207	5
x&a	3782	1
xml/6/20606/lcg2230e_cap8	2143	3
xcqeaaaambaj&pg	655	8061	4
xtmzfz_sx0c	9227	1
xpqi6hkv-zi	10192	3
xfactor.tvklan.	2257	1
xi.html	2785	2
xylazin	3881	8167	2
xiamen	129	2187	5610	9429	9763	5
x&tbo	3194	1
xpreeli.com	4550	1
xxix.php	3008	1
xspyahiksacjv9wxlclojxylvl4	7021	1
xx.html	2286	2362	4119	4757	6083	11
x9ymu0webwu	4075	1
xxbqv3ih-r0	5536	1
xhaeaaaambaj&pg	8365	3
xiphia	7364	1
xkcd	783	1299	3919	5850	6546	6856	7071	7693	9061	27
xanhouli	4949	1
xristou	4297	1
x9651.xml	4117	1
xvsnaaaayaaj&pg	8748	3
xkod	1122	6833	6
xenobiolog	2384	5446	2
xfaktor	2257	1
xkui	3331	2
xlii	1149	1449	1787	2414	3898	4389	5384	5846	6475	7248	8004	10077	13
xemxija	9714	1
xlix	1449	5384	7248	8004	4
xliv	1449	1481	1992	2759	3334	5384	5620	5626	5882	6377	7248	7861	8004	8368	10109	19
xdgnz2w0oi	9512	3
xb8paqaaiaaj	678	2
xyzssdisxikc&pg	4490	2
xix.jpg	2402	8056	3
xlr8	7956	2
xlpe	3065	1
xbloom	720	2
xmiy85g2v2k	4484	1
xlap	5896	2
xkkrdh27jmic	1776	3
x4xw8-oj9usc	6803	3
xslt.php	6558	3
xdvi	1731	1
xhaldoun	5789	1
xviii.51	9011	1
xviii.49	9011	1
x3lx_lvbatoc	5180	3
xean	928	1
x3odmtfpmm9imzh1bgludgwddxmebgfuzwnlbi11cwrwc3rhawqdbhbzdgnhdanibg9nbhb0a3nly3rpb25z	443	5084	8889	4
xbox_360_symbol	3884	1
xtrava	2963	1
xtravi	7943	1
xqkfaaaaibaj&pg	5748	3
xrn_72_0_cs118327503	24	1
x_1,x_2,x_3	615	1990	2353	4
xarmlvhfdcq	2810	2
xdcc	6303	1
xstgp7coobmc	2151	3
xk4o9rmgytwc	3826	1
xpd/ercc2	1684	1
xetv	3894	11
xuequan	5790	1
xfdl	3497	1
xfce	1206	4246	5652	7024	8448	14
xfactor/a145729/x	4416	1
xjapan	9668	2
x83-svclnshk4qbbwsmada	7578	3
xarala	177	9245	2
xielin	2147	4
xeha	10060	1
xeer	246	2644	3282	5662	6970	7745	8104	8797	9330	10
xeet	4320	1
xgwakzwu&sig	6508	1
xefe	7479	1
xecb	455	1181	6282	3
xef6	928	8
xef4	928	5
xef2	928	8
xerc	2899	7623	2
xerm	7015	7246	7374	9609	10038	7
xero	8370	8556	9415	10060	4
xerf	1555	1
xerx	981	3435	3534	3914	4763	4787	5542	5709	6831	6880	7322	9402	17
xeoo	928	2
xeol	6249	8158	2
xeof	928	2
x96a6iqwvv4c	7215	3
xeo4	928	4
xeo2	928	4
xeo3	928	4
xemx	3755	6701	3
xanthopygu	3816	4
xena	3755	6346	7042	3
xene	5034	1
xeni	2622	3033	2
xeno	928	1121	2882	3339	3566	4130	5953	6931	7364	7714	9008	14
xmln.com	3497	1
xenu	290	665	928	997	1111	2274	3963	6911	15
xtradb	5640	3
xeka	6841	1
xtensa	5652	1
xeld	5789	1
xochipala	742	1240	8079	3
xingshulantingxv.jpg	6050	2
xqxrscighgsydpe9r7dsrhoa2hq	8350	3
xfwm	1206	4246	5652	7024	5
xml/2009/02/24/10472869	8874	1
xvii.1	9707	1
x1edaaaaibaj	5980	3
xix/738_banksia	2831	2
x_7vbogm8imc	7042	1
xanadu.com.au	2638	3
xfer	5929	1
xfem	886	1
xwdt/t216370.htm	3935	3
xyb92unw7l0	972	2
xsampa-a2.png	9607	2
xtal-3d-bal	3860	2
xmucan	1240	2160	3254	7440	9776	5
xrk15nbbyqcc	6384	3
xfqbtjodlcioonsrsjqm&sa	5888	3
xftp	10167	1
xeromorph	838	1473	2751	3632	4608	5
xvbksf_unnkrjaee57tpaw	9561	1
xeroradiographi	4220	1
xacti	4983	3
xv.html	3194	1
xaiti5c_jpuc	8419	3
xiv.bu.edu	8478	2
xbqeaaaambaj&lpg	1846	1967	3154	9
xi-1	6578	1
xsvwyg1u0uwc	6535	3
xewqa	9714	1
xavant	2030	5635	8083	3
xpe/ddb1	1684	1
xclusiv	443	801	4715	5801	8254	8989	16
x1,y1	8530	1
xacml	9557	6
xnw-2su1kmoc	6078	2
x2_6e0ae35.jpg	4195	2
xp.png	1233	2
xclusiveszone.net	5230	1
xb-3	1083	1
xtremedanceforce.com	7717	1
xb-1	1083	1
xxiii&oldid	7176	1
xampplit	2285	6
xerox	122	1030	1444	1642	1875	1921	2491	2616	2632	2701	3766	3892	3961	4277	4448	4456	5031	5260	5263	5306	5312	5437	5440	5513	5929	6174	6183	6390	6725	6800	6809	6816	7024	7364	7673	7944	8002	8353	8372	8393	9026	9257	9648	9794	10157	10169	10185	111
x-a20130128-20130128,0,6035496	2245	2
xeric	488	569	702	2697	3282	3971	6137	6641	7364	8405	11
xlmdaaaaibaj&dq	8457	3
xb-2/xb-5	1083	1
xwwtrvuzceic&lpg	3000	1
xi2wf1ezbo	8368	1
xerez	416	3705	4292	4916	6270	9895	6
xykiamhyzzqtvnn-iv43zag4	1465	1
xeral	56	6123	8593	3
xaxi	5033	1
xc90	8895	1
xenogear	2533	4915	4
xavi	903	1318	6270	7226	7831	10
xare	390	5180	9481	3
xard	7299	1
xxxiii	1077	1243	1449	1686	1895	2327	3246	3761	3815	4389	4999	5384	6149	6787	7248	7765	8004	8250	8660	8807	8955	8980	9541	9598	32
xboxlive.ign.com	1834	4392	4
xfqzxqnlfxg	9958	2
xarx	8315	1
xamu	820	9139	2
xana	3779	6082	7154	10060	4
xc15	4900	1
xaml	3711	1
xml&dcmp	4989	1
xang	5929	1
xanh	4866	8920	3
xala	9524	1
xalq	863	10213	3
xrz-200	50	1
xelata	526	6419	3
xade	3497	1
xabi	139	2598	2954	3705	3977	4292	4916	6165	6294	7226	7984	8932	9282	9672	10216	35
x.html	3352	5446	5640	7126	9077	22
xqsk5e2wzpr-7yuvur5sswa06fm	4490	2
xibalba.rtf	2160	2
xiii.htm	2536	2
xtyzueqkyc&dq	6071	3
x80_o5dohybwf3mmho65xo9jqxq	4769	3
xeldon	9130	1
xfactorpolandstage.jpg	6799	2
xbmc	278	3951	2
xesti	3033	1
xbox	189	278	934	951	1195	1379	1472	1728	1834	1918	2181	2222	2491	2533	2562	2723	3415	3441	3650	3744	3884	3951	3969	4187	4221	4392	4416	4790	4915	4963	5026	5184	5214	5231	5306	5554	5583	5596	5626	5631	5978	6056	6288	6611	6691	6724	6734	6865	6872	7046	7054	7108	7134	7626	7831	7923	8107	8353	8393	8442	8467	8535	8574	8597	8753	8873	9251	9476	9679	9815	9836	9854	9914	9982	228
xfkydkgseiac	3064	9102	4
xbrl	1420	3991	2
xbueaqaaiaaj&q	5588	3
xbel	2622	8002	2
xeton	4109	1
xypolia	7967	1
xbiz	2781	5599	4
xbla	3884	8597	7
xorvat	6776	1
xetex	4483	7841	2
x3odmtnkyjbwz3i5bgludgwddxmebgfuzwnlbi11cwrwc3rhawqdoti5zwnhyzmtnzu0my0zmjk2ltkwmtitotg0ztiwnjcyyjjibhbzdgnhdanvcmlnaw5hbhn8dghly3v0bgluzqrwdanzdg9yexbhz2uedgvzdam	6591	1
xwzsu9	961	2
xeirografa	5142	1
xiv.v.17	93	1
xbcr	2937	6955	8
xviii-10-b	2043	3
xviii-10-a	2043	3
xerri	5826	1
xcom	4915	1
xcon	2324	4498	5
xcor	488	4
xcvi	2276	6356	2
xlylz5e21fhfsr5jhzrncrjpqn	5800	3
xx&stationid	9130	3
xezbeth	2963	7507	9756	9
xciv	761	1
xchg	4795	2
x36855.xml	4117	2
xiii.jpg	4292	2
xiourouppa	5660	1
xpf/ddb1	1684	1
x040901/armstrong	7742	1
xcwdaaaambaj&pg	2349	3
xenograft	3902	1
xcal	406	7078	7693	8591	9735	24
xcar	2540	1
xcel	1005	1449	1666	2894	3078	4613	10
xsampa-i2.png	7064	2
